date,precipitation_sum,rain_sum,wind_speed_10m_max,wind_gusts_10m_max,et0_fao_evapotranspiration
2022-07-01,0.0,0.0,2.8017852,7.2,2.320149
2022-07-02,0.0,0.0,4.0853395,9.2,3.9382396
2022-07-03,0.0,0.0,3.6687872,8.6,3.4963992
2022-07-04,0.0,0.0,3.8327537,9.8,4.3644166
2022-07-05,0.0,0.0,2.8178005,7.7,2.6324406
2022-07-06,0.0,0.0,3.1400635,8.8,3.4893458
2022-07-07,0.0,0.0,3.4409301,8.9,3.0328128
2022-07-08,1.0,1.0,3.448188,8.0,1.562347
2022-07-09,0.2,0.2,3.4205263,7.5,1.7332777
2022-07-10,0.0,0.0,3.176476,6.9,2.5837138
2022-07-11,1.0,1.0,3.88973,9.3,2.9716413
2022-07-12,1.4000002,1.4000002,3.8948684,9.4,1.9358836
2022-07-13,0.6,0.6,3.9661064,9.8,4.5932417
2022-07-14,0.4,0.4,4.016217,9.9,3.1708732
2022-07-15,0.2,0.2,3.310589,8.2,2.9791112
2022-07-16,0.0,0.0,3.1906114,7.7,2.7268615
2022-07-17,0.1,0.1,2.9206164,7.4,2.3406465
2022-07-18,0.8,0.8,3.354102,7.8,2.7371602
2022-07-19,0.2,0.2,4.263801,9.1,2.4117804
2022-07-20,0.3,0.3,3.0594118,7.5,2.4609241
2022-07-21,0.70000005,0.70000005,3.3941126,8.1,2.986442
2022-07-22,0.3,0.3,2.9,6.8,2.2749815
2022-07-23,0.0,0.0,3.4713109,7.9,2.9358797
2022-07-24,0.0,0.0,3.1622775,7.3,3.9122756
2022-07-25,0.0,0.0,3.5510561,8.8,3.493673
2022-07-26,0.2,0.2,4.1868844,9.8,2.8755655
2022-07-27,0.0,0.0,3.1400635,7.6,3.3816683
2022-07-28,0.0,0.0,2.9732137,7.0,2.646191
2022-07-29,0.6,0.6,3.352611,7.8,2.3784113
2022-07-30,2.3999999,2.3999999,4.1,8.8,2.9475157
2022-07-31,0.8000001,0.8000001,3.1780498,7.8,2.3523972
2022-08-01,1.3000001,1.3000001,3.1144822,7.3,2.2723222
2022-08-02,5.0,5.0,3.1256998,7.6,1.7845008
2022-08-03,0.3,0.3,3.0610456,7.5,1.7555429
2022-08-04,1.2,1.2,3.5805027,8.5,1.6651181
2022-08-05,0.5,0.5,2.8231187,7.1,2.0347376
2022-08-06,0.0,0.0,3.0675724,7.8,2.4685216
2022-08-07,0.0,0.0,3.2557642,8.6,3.008666
2022-08-08,0.1,0.1,2.751363,7.5,2.7091954
2022-08-09,0.0,0.0,3.8948684,9.1,3.168011
2022-08-10,0.0,0.0,4.0816665,7.1,3.0079427
2022-08-11,1.4000001,1.4000001,3.9115214,9.0,2.5079792
2022-08-12,0.70000005,0.70000005,3.6055512,8.2,2.3487253
2022-08-13,1.4000001,1.4000001,2.7658632,6.2,1.6684165
2022-08-14,0.3,0.3,2.9410882,7.8,2.9205887
2022-08-15,1.5000001,1.5000001,2.9410882,7.8,2.8158095
2022-08-16,2.8000002,2.8000002,3.2649655,8.0,3.3290312
2022-08-17,3.5000005,3.5000005,4.1880784,9.6,1.9999754
2022-08-18,0.0,0.0,3.3837848,9.1,4.8195195
2022-08-19,0.0,0.0,3.905125,8.2,5.057606
2022-08-20,0.0,0.0,3.7013512,7.5,5.150972
2022-08-21,0.0,0.0,4.3011627,9.1,4.9784636
2022-08-22,0.0,0.0,4.20119,9.5,3.1934416
2022-08-23,0.0,0.0,3.8600519,9.2,3.220607
2022-08-24,0.1,0.1,4.6238513,10.5,3.7787254
2022-08-25,0.4,0.4,2.6907248,6.8,2.4893568
2022-08-26,1.3,1.3,2.7784889,8.0,2.5242245
2022-08-27,1.2,1.2,3.2280025,10.1,2.1603467
2022-08-28,0.0,0.0,3.3376637,7.6,2.6207745
2022-08-29,0.4,0.4,3.7161808,8.6,4.1676416
2022-08-30,0.8000001,0.8000001,2.9529645,7.9,4.268893
2022-08-31,0.8000001,0.8000001,4.060788,9.2,3.7400756
2022-09-01,0.0,0.0,2.720294,6.8,2.6785903
2022-09-02,0.1,0.1,3.3955853,8.2,2.9327657
2022-09-03,0.1,0.1,3.1953092,7.6,2.9715912
2022-09-04,0.1,0.1,4.0816665,8.8,4.157567
2022-09-05,0.6,0.6,3.6359317,7.6,4.1403294
2022-09-06,20.200003,20.200003,3.176476,8.9,3.4124322
2022-09-07,1.2,1.2,3.544009,8.1,2.3456118
2022-09-08,2.6,2.6,3.0232434,7.7,1.9078178
2022-09-09,0.1,0.1,2.6925824,6.4,2.6613824
2022-09-10,0.70000005,0.70000005,2.9832869,7.9,3.1042364
2022-09-11,0.4,0.4,3.3376637,8.1,4.091116
2022-09-12,0.6,0.6,3.3955853,7.1,3.959232
2022-09-13,1.1,1.1,3.3837848,8.4,3.824407
2022-09-14,1.3000001,1.3000001,3.3734255,9.5,3.083152
2022-09-15,0.5,0.5,3.2649658,7.7,3.1649268
2022-09-16,0.0,0.0,3.176476,8.2,3.6473403
2022-09-17,0.4,0.4,3.224903,7.7,3.475486
2022-09-18,0.1,0.1,3.1575305,8.6,3.497459
2022-09-19,0.1,0.1,3.8600519,8.4,4.9709196
2022-09-20,1.6,1.6,3.8600519,8.8,4.142531
2022-09-21,0.0,0.0,4.535416,10.7,5.05226
2022-09-22,0.1,0.1,3.51141,7.9,4.7505774
2022-09-23,0.1,0.1,4.614109,10.8,5.2115393
2022-09-24,0.1,0.1,3.8078866,11.1,5.3060136
2022-09-25,1.8000001,1.8000001,4.031129,9.4,4.8889403
2022-09-26,1.7,1.7,4.104875,10.3,4.656925
2022-09-27,0.3,0.3,4.159327,10.2,5.175044
2022-09-28,0.0,0.0,4.3965893,8.7,5.358981
2022-09-29,0.1,0.1,3.736308,8.4,5.096354
2022-09-30,1.0,1.0,3.7013512,8.5,3.6844783
2022-10-01,0.70000005,0.70000005,4.1761227,10.6,4.6138296
2022-10-02,0.4,0.4,3.104835,7.8,5.122618
2022-10-03,0.3,0.3,4.3737855,10.3,4.930178
2022-10-04,1.9000002,1.9000002,4.031129,9.1,4.6243634
2022-10-05,0.8000001,0.8000001,4.110961,10.0,4.988275
2022-10-06,1.9000002,1.9000002,3.8639357,9.3,4.098124
2022-10-07,0.1,0.1,4.414748,9.5,4.705901
2022-10-08,0.0,0.0,4.2953463,10.7,4.8591313
2022-10-09,0.0,0.0,3.5171013,9.9,4.725391
2022-10-10,0.0,0.0,4.0521603,10.9,5.0247316
2022-10-11,0.0,0.0,4.0447497,9.2,4.920545
2022-10-12,0.0,0.0,4.0706263,10.4,5.7199497
2022-10-13,0.0,0.0,4.3324356,10.7,5.7168927
2022-10-14,0.1,0.1,4.997999,11.3,5.6024075
2022-10-15,0.5,0.5,4.318565,10.3,5.1821585
2022-10-16,0.1,0.1,4.6010866,10.5,4.886815
2022-10-17,1.5,1.5,4.6957426,10.0,5.036585
2022-10-18,1.6,1.6,4.1231055,10.0,4.781964
2022-10-19,0.3,0.3,4.414748,10.0,4.2379847
2022-10-20,0.6,0.6,4.6270943,11.0,4.84217
2022-10-21,0.0,0.0,4.9193497,11.4,5.6801343
2022-10-22,0.0,0.0,4.5891175,11.3,6.119419
2022-10-23,0.1,0.1,4.4922156,11.2,5.0120406
2022-10-24,0.0,0.0,4.4102154,10.6,5.6583805
2022-10-25,0.2,0.2,4.2059484,10.0,5.4107037
2022-10-26,0.6,0.6,4.0853395,10.4,5.239654
2022-10-27,1.9000001,1.9000001,4.753946,11.2,5.1586614
2022-10-28,0.70000005,0.70000005,4.88467,9.8,5.314583
2022-10-29,0.2,0.2,4.060788,8.9,4.963509
2022-10-30,0.0,0.0,4.7296934,9.5,5.1761475
2022-10-31,2.3000002,2.3000002,4.62277,10.7,4.4572425
2022-11-01,3.7999995,3.7999995,4.4598203,10.6,2.6028333
2022-11-02,4.9999995,4.9999995,4.3566046,9.7,2.841482
2022-11-03,7.2999997,7.2999997,4.531004,10.6,2.9239347
2022-11-04,4.6,4.6,4.3931766,9.4,3.9159925
2022-11-05,0.5,0.5,4.539824,10.8,4.30151
2022-11-06,2.7999997,2.7999997,5.59017,12.1,4.315659
2022-11-07,2.3,2.3,4.4944406,11.0,3.7616265
2022-11-08,1.8000001,1.8000001,4.5177426,10.7,4.490764
2022-11-09,0.2,0.2,4.8270073,11.1,4.526517
2022-11-10,0.4,0.4,4.738143,11.5,4.552847
2022-11-11,2.0,2.0,4.9729266,12.0,3.6982353
2022-11-12,7.3,7.3,4.6572523,11.4,3.2187307
2022-11-13,0.6,0.6,4.614109,10.3,2.6545203
2022-11-14,7.1999993,7.1999993,5.360038,11.5,2.6293209
2022-11-15,2.6000001,2.6000001,4.5254836,10.2,2.7291405
2022-11-16,4.2999997,4.2999997,3.6124783,9.3,1.9525774
2022-11-17,8.7,8.7,3.8078864,8.1,1.1417468
2022-11-18,0.0,0.0,4.318565,9.9,3.3810332
2022-11-19,2.1000001,2.1000001,4.5221677,10.5,3.5955603
2022-11-20,4.8999996,4.8999996,4.3965893,10.3,2.9271777
2022-11-21,0.3,0.3,5.685068,12.4,4.0877624
2022-11-22,1.1,1.1,5.635601,12.6,3.5550895
2022-11-23,12.6,12.6,5.4708314,13.0,2.358659
2022-11-24,1.9000002,1.9000002,5.2554736,12.4,3.175702
2022-11-25,3.1,3.1,5.0447993,12.1,3.7794096
2022-11-26,1.5000001,1.5000001,4.6840153,11.5,3.9738345
2022-11-27,3.1999996,3.1999996,3.753665,8.9,4.1161714
2022-11-28,5.5000005,5.5000005,4.401136,10.1,2.102681
2022-11-29,1.8000002,1.8000002,5.866856,13.2,4.1427875
2022-11-30,3.8000002,3.8000002,6.293648,14.7,3.4885123
2022-12-01,3.3,3.3,5.5461698,12.9,3.860946
2022-12-02,2.1999998,2.1999998,5.4589376,12.9,4.2834907
2022-12-03,1.8000003,1.8000003,5.6859474,13.2,3.9181235
2022-12-04,2.1,2.1,6.0373836,14.1,3.5539563
2022-12-05,3.0999997,3.0999997,5.6035705,12.6,4.024561
2022-12-06,0.4,0.4,4.4204073,9.7,4.0597754
2022-12-07,0.70000005,0.70000005,4.632494,10.6,4.496655
2022-12-08,1.2,1.2,4.539824,10.8,3.4362981
2022-12-09,1.6000001,1.6000001,4.606517,12.1,3.3093057
2022-12-10,2.8000002,2.8000002,3.275668,8.8,3.6851158
2022-12-11,2.6999998,2.6999998,4.1761227,9.6,4.074822
2022-12-12,2.2999997,2.2999997,5.4708314,12.9,3.7310307
2022-12-13,2.0,2.0,5.2810984,12.3,3.8707156
2022-12-14,0.8000001,0.8000001,4.4777226,11.0,4.358537
2022-12-15,0.4,0.4,4.1629314,10.5,4.664205
2022-12-16,1.3000001,1.3000001,3.733631,8.7,4.429913
2022-12-17,1.1,1.1,4.0249224,8.9,4.361491
2022-12-18,0.90000004,0.90000004,4.3011627,10.0,4.635765
2022-12-19,0.5,0.5,3.6674242,9.1,4.6201973
2022-12-20,1.9000002,1.9000002,3.9560082,9.4,4.3674164
2022-12-21,0.6,0.6,3.7643058,9.2,4.4056616
2022-12-22,0.9000001,0.9000001,4.4777226,10.4,4.346088
2022-12-23,0.8000001,0.8000001,4.3416586,11.2,3.9732468
2022-12-24,0.9,0.9,4.159327,9.5,4.4110436
2022-12-25,1.7,1.7,4.3829217,10.2,4.3501005
2022-12-26,0.2,0.2,4.614109,10.8,4.588509
2022-12-27,3.3,3.3,4.632494,12.6,2.5171857
2022-12-28,0.1,0.1,5.491812,12.4,4.340892
2022-12-29,1.1000001,1.1000001,6.328507,14.3,4.10417
2022-12-30,0.1,0.1,6.5734315,14.7,4.0664043
2022-12-31,0.0,0.0,6.2265563,14.1,4.179339
2023-01-01,0.0,0.0,6.1846585,14.1,4.9589334
2023-01-02,1.3000001,1.3000001,6.0835843,13.9,3.6844606
2023-01-03,10.099999,10.099999,5.8523498,13.9,2.8276334
2023-01-04,2.5000005,2.5000005,5.8249464,13.0,2.7525184
2023-01-05,0.9000001,0.9000001,7.080254,15.6,3.9550955
2023-01-06,0.0,0.0,5.0328918,11.4,5.1078796
2023-01-07,0.0,0.0,4.8010416,11.5,5.2029586
2023-01-08,0.4,0.4,4.9193497,12.1,4.8059025
2023-01-09,1.4000001,1.4000001,4.9739323,11.7,4.3430214
2023-01-10,1.5000001,1.5000001,4.8548946,11.7,4.540269
2023-01-11,0.0,0.0,5.3851647,12.6,4.8245535
2023-01-12,0.1,0.1,5.5,13.0,4.850123
2023-01-13,0.0,0.0,5.7306194,12.6,5.600265
2023-01-14,0.0,0.0,4.9648767,11.9,5.5230613
2023-01-15,0.0,0.0,5.4037023,13.3,5.633122
2023-01-16,0.0,0.0,5.99333,14.3,5.4528856
2023-01-17,0.0,0.0,4.606517,11.3,5.4730415
2023-01-18,0.0,0.0,4.8414874,11.5,6.1295767
2023-01-19,0.0,0.0,4.0853395,10.2,5.5555754
2023-01-20,0.0,0.0,4.7010636,11.1,5.4483275
2023-01-21,0.0,0.0,6.1294374,14.4,5.943876
2023-01-22,0.0,0.0,5.2009616,12.2,5.453625
2023-01-23,0.1,0.1,5.011986,12.2,4.8473115
2023-01-24,0.1,0.1,5.8523498,13.8,5.0273356
2023-01-25,0.0,0.0,5.060632,12.5,5.838011
2023-01-26,0.0,0.0,5.3712196,12.8,6.4425683
2023-01-27,0.0,0.0,5.8694124,14.0,5.939143
2023-01-28,0.0,0.0,5.8872743,14.1,6.3136034
2023-01-29,0.0,0.0,5.345091,12.1,6.5700784
2023-01-30,0.0,0.0,5.0358715,11.7,5.7386966
2023-01-31,0.0,0.0,4.341659,10.5,5.6601667
2023-02-01,0.0,0.0,4.1785164,9.7,5.7148256
2023-02-02,0.1,0.1,4.8877397,11.3,6.0485587
2023-02-03,0.0,0.0,6.35059,15.2,7.072762
2023-02-04,0.0,0.0,5.8240876,13.4,6.8676205
2023-02-05,0.0,0.0,5.186521,11.2,6.4831324
2023-02-06,0.0,0.0,5.714018,13.8,6.775066
2023-02-07,0.0,0.0,5.2000003,12.3,6.01663
2023-02-08,0.2,0.2,3.9824615,10.7,5.77535
2023-02-09,0.0,0.0,5.056679,13.3,5.988113
2023-02-10,0.0,0.0,5.866856,13.9,6.8116293
2023-02-11,0.0,0.0,6.4660654,15.2,6.569504
2023-02-12,0.0,0.0,6.1465435,15.0,6.6975455
2023-02-13,0.0,0.0,4.609772,10.2,6.680201
2023-02-14,0.0,0.0,5.2554736,12.3,6.5966215
2023-02-15,0.0,0.0,5.2,11.2,6.5932713
2023-02-16,0.4,0.4,5.3758717,11.8,5.952118
2023-02-17,0.0,0.0,5.9506307,13.9,6.3073525
2023-02-18,0.0,0.0,6.6887965,15.7,6.04451
2023-02-19,0.0,0.0,6.220129,14.9,5.7762914
2023-02-20,0.0,0.0,4.924429,12.2,6.344641
2023-02-21,0.0,0.0,5.6515484,12.6,6.7013736
2023-02-22,0.0,0.0,5.162364,12.0,6.6418796
2023-02-23,0.0,0.0,5.6515484,12.3,6.239944
2023-02-24,0.0,0.0,5.6044626,12.0,6.4399767
2023-02-25,0.0,0.0,6.198387,13.7,6.1376305
2023-02-26,0.0,0.0,6.1465435,14.6,6.2686415
2023-02-27,0.6,0.6,6.2433968,14.3,5.2439337
2023-02-28,0.3,0.3,5.7801385,13.7,5.4834046
2023-03-01,0.0,0.0,4.6238513,11.1,6.2156773
2023-03-02,0.0,0.0,4.661545,10.3,5.9701276
2023-03-03,0.2,0.2,4.909175,11.6,5.59171
2023-03-04,0.0,0.0,5.7939625,13.6,6.3220916
2023-03-05,0.0,0.0,6.6287255,15.5,6.4640937
2023-03-06,0.0,0.0,5.9682493,14.3,6.432095
2023-03-07,0.0,0.0,5.6293874,12.7,6.70152
2023-03-08,0.0,0.0,5.3225937,11.6,6.3276596
2023-03-09,0.1,0.1,5.3263493,10.4,5.653686
2023-03-10,0.4,0.4,4.753946,11.9,6.0989666
2023-03-11,0.0,0.0,5.249762,12.2,6.0360765
2023-03-12,0.0,0.0,4.632494,12.2,5.9256563
2023-03-13,0.90000004,0.90000004,5.096077,12.1,5.46931
2023-03-14,1.6,1.6,4.317406,9.9,4.923867
2023-03-15,0.5,0.5,3.8183768,9.5,4.7463455
2023-03-16,2.8999999,2.8999999,4.1785164,10.1,3.1399698
2023-03-17,2.6,2.6,5.4708314,12.7,4.3828588
2023-03-18,0.3,0.3,5.001,11.7,5.3138943
2023-03-19,0.6,0.6,4.9365983,11.2,5.1204348
2023-03-20,1.0000001,1.0000001,5.1195703,11.4,4.7423058
2023-03-21,15.800001,15.800001,2.886174,8.7,3.0647519
2023-03-22,3.6999998,3.6999998,2.6870058,7.5,3.712203
2023-03-23,3.0999997,3.0999997,4.1231055,9.3,4.2696314
2023-03-24,4.7,4.7,3.8275316,10.0,4.6679997
2023-03-25,9.499999,9.499999,3.4205263,8.9,3.301453
2023-03-26,5.799999,5.799999,3.5693135,10.4,3.064696
2023-03-27,0.4,0.4,4.1629314,10.0,4.866891
2023-03-28,2.0000002,2.0000002,4.3011627,11.1,4.244192
2023-03-29,2.4,2.4,4.244997,10.4,4.2163424
2023-03-30,1.6000001,1.6000001,5.0289164,11.9,4.6213665
2023-03-31,2.3999999,2.3999999,4.661545,11.6,4.3956494
2023-04-01,0.4,0.4,3.5902646,10.3,4.6193757
2023-04-02,1.1,1.1,3.6891732,8.5,4.808319
2023-04-03,3.7,3.7,4.414748,10.7,4.3386474
2023-04-04,3.1000001,3.1000001,3.6674242,9.3,2.964826
2023-04-05,3.6000001,3.6000001,5.2924476,12.3,4.233728
2023-04-06,3.2,3.2,4.5122056,11.5,3.5140698
2023-04-07,0.3,0.3,4.4271884,11.0,4.542416
2023-04-08,8.100001,8.100001,5.1971145,12.3,2.5981638
2023-04-09,3.1999998,3.1999998,4.7853947,10.9,3.5484161
2023-04-10,1.6,1.6,4.701064,11.3,4.3564806
2023-04-11,6.6000004,6.6000004,5.2630787,13.2,3.1127985
2023-04-12,2.3,2.3,4.8270073,11.3,3.7269957
2023-04-13,2.4999998,2.4999998,5.3160133,12.3,2.9531167
2023-04-14,3.7999995,3.7999995,4.7169905,11.7,3.5001187
2023-04-15,2.7,2.7,5.0,12.2,4.1980047
2023-04-16,5.1999993,5.1999993,4.3,10.5,3.9461863
2023-04-17,4.5999994,4.5999994,4.204759,9.8,3.4208405
2023-04-18,4.1,4.1,4.570558,11.0,4.0644045
2023-04-19,1.8000002,1.8000002,3.6878178,8.4,3.8299754
2023-04-20,0.5,0.5,3.8832977,7.9,4.319338
2023-04-21,1.2,1.2,3.11127,7.7,4.0705566
2023-04-22,12.900002,12.900002,3.6345563,9.9,2.7104552
2023-04-23,5.2999997,5.2999997,3.383785,8.1,2.9824266
2023-04-24,1.2,1.2,4.0261645,9.8,3.874049
2023-04-25,23.800003,23.800003,3.901282,12.6,2.6898472
2023-04-26,25.900002,25.900002,3.758989,9.5,2.9002445
2023-04-27,2.0,2.0,3.5468295,9.0,4.1259837
2023-04-28,24.400002,24.400002,3.1622775,7.8,2.254497
2023-04-29,1.6000001,1.6000001,3.794733,9.3,3.4226427
2023-04-30,15.800001,15.800001,3.8587563,8.5,2.54727
2023-05-01,11.0,11.0,4.7801676,9.8,2.5218656
2023-05-02,4.4,4.4,3.0805843,7.1,3.4452932
2023-05-03,12.500001,12.500001,3.945884,9.5,2.3691685
2023-05-04,3.1000004,3.1000004,3.49285,8.1,3.9987059
2023-05-05,1.1,1.1,3.436568,8.8,4.237231
2023-05-06,1.0,1.0,3.1256998,7.2,3.3725848
2023-05-07,1.3000001,1.3000001,3.1016126,7.9,3.9781764
2023-05-08,2.2,2.2,3.3421547,7.0,3.9188857
2023-05-09,3.0999997,3.0999997,3.4234486,9.0,3.5903554
2023-05-10,4.6,4.6,3.7013512,9.1,3.4046142
2023-05-11,3.6,3.6,3.420526,8.4,3.2037716
2023-05-12,0.0,0.0,3.2015622,7.9,4.2289195
2023-05-13,2.2999997,2.2999997,3.231099,8.4,3.9315038
2023-05-14,1.6000001,1.6000001,2.7856774,7.5,3.7458115
2023-05-15,0.70000005,0.70000005,2.376973,6.5,4.138761
2023-05-16,0.9000001,0.9000001,3.8999999,8.1,3.527311
2023-05-17,0.6,0.6,2.9154758,7.5,3.1329327
2023-05-18,2.6,2.6,2.6832817,7.5,3.8581896
2023-05-19,0.6,0.6,2.9529645,7.7,3.741913
2023-05-20,0.1,0.1,2.657066,7.6,4.6164055
2023-05-21,0.0,0.0,3.8639357,9.7,4.4544015
2023-05-22,0.70000005,0.70000005,3.2015622,7.1,3.955937
2023-05-23,0.9000001,0.9000001,4.1303754,9.3,3.7733853
2023-05-24,1.5000002,1.5000002,3.2015622,8.5,3.9467156
2023-05-25,0.5,0.5,3.6687872,8.6,4.1828666
2023-05-26,0.2,0.2,3.6055512,8.9,3.4257643
2023-05-27,2.9000003,2.9000003,3.710795,9.2,3.2817314
2023-05-28,3.5000002,3.5000002,5.1662364,11.7,3.7838068
2023-05-29,10.3,10.3,4.0112343,9.7,3.1344676
2023-05-30,4.6,4.6,3.5057096,8.6,2.937135
2023-05-31,0.90000004,0.90000004,3.1256998,7.9,3.7845225
2023-06-01,2.6999996,2.6999996,3.1953092,7.9,3.693668
2023-06-02,3.8000002,3.8000002,4.103657,9.8,3.2694716
2023-06-03,3.6000001,3.6000001,3.8013155,9.2,3.5465827
2023-06-04,2.5999997,2.5999997,3.224903,7.0,3.0128922
2023-06-05,0.0,0.0,3.2802439,8.6,4.1104274
2023-06-06,2.4999998,2.4999998,3.6124785,8.5,3.1082847
2023-06-07,0.0,0.0,3.4176016,8.2,4.42796
2023-06-08,0.0,0.0,3.8587563,8.9,4.6875515
2023-06-09,0.2,0.2,3.1400635,6.9,3.7291663
2023-06-10,0.4,0.4,2.5942245,6.7,4.207785
2023-06-11,0.2,0.2,2.302173,6.9,3.8174994
2023-06-12,0.1,0.1,2.630589,7.4,3.4013424
2023-06-13,0.0,0.0,2.745906,7.8,3.7961178
2023-06-14,0.0,0.0,2.280351,6.5,3.4717762
2023-06-15,7.9,7.9,2.657066,7.1,2.8547628
2023-06-16,0.2,0.2,2.8442926,7.9,3.601648
2023-06-17,0.90000004,0.90000004,2.7,7.6,2.8835678
2023-06-18,0.3,0.3,3.3241541,8.2,3.4209719
2023-06-19,0.0,0.0,2.7802877,7.6,3.5429134
2023-06-20,0.3,0.3,3.5846896,7.1,3.8841722
2023-06-21,1.0000001,1.0000001,3.0594118,7.5,3.216348
2023-06-22,0.2,0.2,2.6925824,7.2,3.0664186
2023-06-23,1.4000001,1.4000001,2.758623,7.0,3.1334069
2023-06-24,1.9000001,1.9000001,2.418677,6.5,2.7358828
2023-06-25,0.0,0.0,2.657066,7.3,3.5845492
2023-06-26,0.70000005,0.70000005,3.1064448,6.8,3.942374
2023-06-27,1.1,1.1,2.3430748,7.1,3.1138775
2023-06-28,0.4,0.4,2.7202942,7.5,3.4423907
2023-06-29,0.0,0.0,2.8017852,7.7,3.2375226
2023-06-30,0.4,0.4,2.7802877,7.7,2.552666
2023-07-01,0.70000005,0.70000005,3.49285,7.4,2.2868104
2023-07-02,0.70000005,0.70000005,3.2015622,7.8,2.3975823
2023-07-03,0.6,0.6,2.7856774,6.7,2.443351
2023-07-04,1.6000003,1.6000003,3.1400635,8.2,2.2816489
2023-07-05,0.0,0.0,2.7018511,7.8,2.8832777
2023-07-06,0.2,0.2,3.0675724,8.1,2.5053403
2023-07-07,0.2,0.2,3.6359317,9.0,2.0553334
2023-07-08,0.1,0.1,3.1,8.2,2.7565286
2023-07-09,0.3,0.3,2.8160257,7.1,3.4712744
2023-07-10,0.1,0.1,3.6345563,8.3,4.5644765
2023-07-11,0.2,0.2,3.6769552,9.2,4.546103
2023-07-12,0.2,0.2,3.3376637,8.0,3.2424176
2023-07-13,0.0,0.0,3.1256998,8.2,2.844227
2023-07-14,0.0,0.0,2.8017852,7.6,3.4581683
2023-07-15,0.0,0.0,3.1064448,8.2,3.427867
2023-07-16,0.0,0.0,3.1016126,10.2,3.6991663
2023-07-17,0.0,0.0,2.9017239,7.8,3.181867
2023-07-18,0.0,0.0,2.863564,7.9,3.6338515
2023-07-19,0.0,0.0,4.341659,11.7,4.0155334
2023-07-20,0.1,0.1,2.7802877,7.5,4.372107
2023-07-21,0.0,0.0,3.7443287,8.8,4.323261
2023-07-22,0.0,0.0,2.7294688,7.7,2.9747245
2023-07-23,0.1,0.1,3.2202482,8.8,3.1315067
2023-07-24,0.0,0.0,2.5495098,7.1,2.9496238
2023-07-25,1.0,1.0,3.3015149,8.7,3.1839247
2023-07-26,0.0,0.0,3.7161808,7.8,3.136331
2023-07-27,0.0,0.0,3.6055512,8.4,3.4722447
2023-07-28,0.4,0.4,2.4758837,6.9,2.4428318
2023-07-29,0.0,0.0,2.7294688,7.7,3.1744769
2023-07-30,0.6,0.6,3.1953092,8.7,4.1253777
2023-07-31,0.1,0.1,4.031129,10.3,4.4674363
2023-08-01,0.0,0.0,3.8327537,9.0,3.3386123
2023-08-02,1.9000001,1.9000001,3.8209944,9.5,2.240105
2023-08-03,2.6,2.6,3.736308,8.4,2.5443902
2023-08-04,0.9000001,0.9000001,3.11127,8.0,2.3794186
2023-08-05,0.1,0.1,3.51141,9.1,2.7974527
2023-08-06,1.1,1.1,3.6359317,9.1,2.6147192
2023-08-07,0.3,0.3,2.8999999,7.9,3.5677905
2023-08-08,0.4,0.4,3.4205263,8.9,3.6820517
2023-08-09,0.0,0.0,3.1016126,7.8,2.7994692
2023-08-10,0.6,0.6,2.505993,6.8,2.1287782
2023-08-11,0.5,0.5,3.0675724,6.8,3.0921419
2023-08-12,0.70000005,0.70000005,3.8275316,8.5,2.7256522
2023-08-13,0.0,0.0,4.464303,11.3,4.212983
2023-08-14,0.0,0.0,4.0792155,10.5,3.8054957
2023-08-15,0.3,0.3,4.2720017,8.4,4.5691347
2023-08-16,0.6,0.6,3.4132097,7.2,3.3037994
2023-08-17,0.70000005,0.70000005,3.04795,8.7,3.19634
2023-08-18,0.4,0.4,3.8209944,8.8,3.9858658
2023-08-19,0.0,0.0,2.9732137,8.1,5.15227
2023-08-20,0.0,0.0,3.9204593,9.9,5.427765
2023-08-21,0.0,0.0,3.9623227,10.0,5.143104
2023-08-22,0.4,0.4,3.8327537,8.2,3.9977531
2023-08-23,0.0,0.0,5.3935146,13.0,5.1878133
2023-08-24,0.2,0.2,4.8104053,11.1,4.5891886
2023-08-25,0.0,0.0,5.1088157,11.9,5.1961637
2023-08-26,0.8,0.8,3.324154,8.3,4.5567207
2023-08-27,0.0,0.0,3.206244,9.3,5.1407757
2023-08-28,0.0,0.0,4.0853395,10.4,3.605818
2023-08-29,0.3,0.3,3.8275318,9.8,3.4460626
2023-08-30,1.2,1.2,3.0149627,8.2,3.6263514
2023-08-31,1.0,1.0,2.7313,7.6,3.4087014
2023-09-01,0.70000005,0.70000005,3.1827662,7.5,3.6104956
2023-09-02,1.4000001,1.4000001,2.8999999,8.2,3.836373
2023-09-03,0.0,0.0,2.8999999,8.2,4.6530914
2023-09-04,0.0,0.0,3.640055,8.7,4.8738823
2023-09-05,0.4,0.4,2.3600848,7.3,4.706481
2023-09-06,4.7,4.7,3.2015622,10.2,4.442412
2023-09-07,4.2999997,4.2999997,3.5128336,8.6,4.0141253
2023-09-08,1.3000001,1.3000001,2.607681,7.9,3.483395
2023-09-09,1.6000003,1.6000003,2.385372,7.7,2.9380405
2023-09-10,0.3,0.3,3.7013512,9.6,4.424278
2023-09-11,0.7,0.7,2.886174,7.5,4.107517
2023-09-12,0.90000004,0.90000004,3.2572994,8.1,4.762792
2023-09-13,1.9000001,1.9000001,3.5510561,8.6,3.7984679
2023-09-14,5.8999996,5.8999996,3.008322,7.6,4.104412
2023-09-15,1.1,1.1,2.7658632,7.5,3.3441708
2023-09-16,0.1,0.1,3.4234486,8.0,4.7974606
2023-09-17,0.3,0.3,3.6715121,7.9,5.0986266
2023-09-18,0.0,0.0,3.008322,8.3,4.89673
2023-09-19,1.3000001,1.3000001,2.4515302,7.0,4.7027845
2023-09-20,1.0,1.0,4.837354,9.6,4.4061213
2023-09-21,0.5,0.5,4.609772,10.7,5.1206975
2023-09-22,4.1,4.1,3.544009,9.5,4.298215
2023-09-23,0.0,0.0,3.8600519,9.6,4.5914965
2023-09-24,0.1,0.1,3.2015622,8.3,3.614627
2023-09-25,0.3,0.3,3.6891732,7.6,4.950821
2023-09-26,1.8000001,1.8000001,3.1906114,8.4,4.572266
2023-09-27,0.70000005,0.70000005,3.3734255,8.6,4.7481337
2023-09-28,0.5,0.5,3.4234486,9.8,4.268499
2023-09-29,0.9000001,0.9000001,4.002499,8.3,4.8107924
2023-09-30,1.9000002,1.9000002,3.535534,9.2,4.616492
2023-10-01,0.0,0.0,3.1400635,8.2,4.377756
2023-10-02,2.8999999,2.8999999,4.118252,10.2,5.1522613
2023-10-03,0.0,0.0,4.3931766,9.1,5.602511
2023-10-04,5.0999994,5.0999994,4.248529,10.1,2.0450397
2023-10-05,3.9,3.9,4.554119,11.3,3.5913463
2023-10-06,2.0000002,2.0000002,4.785394,13.2,4.8481565
2023-10-07,1.5000001,1.5000001,3.8639357,9.7,5.1310916
2023-10-08,0.0,0.0,4.9396353,11.0,5.725721
2023-10-09,0.1,0.1,5.162364,11.8,5.875916
2023-10-10,1.0,1.0,4.652956,10.8,5.1348
2023-10-11,0.70000005,0.70000005,4.90408,11.6,5.626798
2023-10-12,0.3,0.3,4.3011627,11.5,5.3743386
2023-10-13,0.0,0.0,4.2426405,11.0,5.9856224
2023-10-14,0.2,0.2,4.7675986,11.8,5.93927
2023-10-15,0.8000001,0.8000001,5.3851643,13.3,5.348768
2023-10-16,1.9000002,1.9000002,4.539824,12.2,3.999819
2023-10-17,2.3999996,2.3999996,4.6389656,11.0,4.5000525
2023-10-18,2.2999997,2.2999997,4.7095647,11.5,4.3626943
2023-10-19,5.6999993,5.6999993,5.656854,12.9,3.6758914
2023-10-20,2.1000001,2.1000001,4.7169905,10.9,4.2154274
2023-10-21,1.7000002,1.7000002,3.405877,8.7,4.582669
2023-10-22,0.2,0.2,3.7215588,9.3,4.7590785
2023-10-23,0.1,0.1,4.365776,9.8,5.139492
2023-10-24,0.0,0.0,4.8104053,11.3,5.627922
2023-10-25,0.70000005,0.70000005,4.816638,11.9,4.784953
2023-10-26,3.4999995,3.4999995,5.440588,13.1,3.6549647
2023-10-27,2.4,2.4,4.5177426,10.9,4.7926908
2023-10-28,0.8000001,0.8000001,4.8010416,11.3,4.9852033
2023-10-29,2.5,2.5,4.3081317,10.8,4.2636294
2023-10-30,1.3000001,1.3000001,4.9030604,10.9,4.5025516
2023-10-31,5.899999,5.899999,5.0487623,12.4,4.302621
2023-11-01,3.1999998,3.1999998,4.609772,11.3,4.6621723
2023-11-02,3.0999997,3.0999997,4.554119,10.7,3.3046503
2023-11-03,23.0,23.0,2.828427,8.6,2.3642333
2023-11-04,9.400001,9.400001,3.026549,7.4,2.5181553
2023-11-05,3.1000004,3.1000004,3.8013155,10.0,3.626374
2023-11-06,3.2000003,3.2000003,4.3324356,9.8,4.3461223
2023-11-07,9.6,9.6,3.5,9.4,4.310616
2023-11-08,10.200001,10.200001,4.14367,10.9,3.0272338
2023-11-09,0.3,0.3,4.237924,11.3,4.455698
2023-11-10,1.6,1.6,4.491102,10.7,4.4991455
2023-11-11,3.5,3.5,4.792703,11.6,3.4338086
2023-11-12,6.5999994,6.5999994,4.0853395,10.9,3.8463156
2023-11-13,5.6,5.6,5.2000003,12.3,3.713857
2023-11-14,2.6,2.6,2.9017239,8.3,3.3698318
2023-11-15,9.500001,9.500001,3.9204593,10.0,3.1848176
2023-11-16,7.4999995,7.4999995,5.135173,11.5,3.472024
2023-11-17,6.8,6.8,5.10392,11.4,3.658795
2023-11-18,3.3999999,3.3999999,4.7265205,11.7,4.131572
2023-11-19,2.8999994,2.8999994,4.1761227,10.5,3.5939362
2023-11-20,3.2999997,3.2999997,4.110961,10.4,3.3606055
2023-11-21,3.8999999,3.8999999,3.2449963,9.5,3.0229385
2023-11-22,15.900001,15.900001,4.8754487,10.8,2.4276142
2023-11-23,5.1,5.1,5.27731,12.5,3.7229395
2023-11-24,6.4,6.4,4.2107005,9.8,3.0530684
2023-11-25,7.899999,7.899999,4.119466,9.7,3.9039338
2023-11-26,4.2999997,4.2999997,4.016217,10.8,3.6527514
2023-11-27,0.8,0.8,4.304649,9.9,4.5922365
2023-11-28,0.3,0.3,4.172529,9.8,4.147796
2023-11-29,0.0,0.0,4.7127485,11.7,5.047948
2023-11-30,0.4,0.4,4.596738,11.5,4.6048965
2023-12-01,0.0,0.0,4.110961,10.5,4.8097744
2023-12-02,0.5,0.5,4.5803933,10.2,4.5975466
2023-12-03,1.1,1.1,5.0477715,11.9,4.4149494
2023-12-04,1.9000001,1.9000001,5.360038,12.2,4.409689
2023-12-05,0.3,0.3,4.2720017,10.5,4.468363
2023-12-06,0.3,0.3,4.1761227,10.0,4.6266747
2023-12-07,0.0,0.0,4.110961,10.1,5.2434316
2023-12-08,0.0,0.0,4.5221677,11.1,5.4493227
2023-12-09,2.3,2.3,3.6069376,8.8,4.6678615
2023-12-10,1.2,1.2,3.9812057,9.8,4.2040033
2023-12-11,1.6000001,1.6000001,4.8703184,11.6,4.569657
2023-12-12,1.4000001,1.4000001,3.577709,8.9,4.8748884
2023-12-13,2.0,2.0,3.4999998,8.5,4.243878
2023-12-14,1.6,1.6,3.8052595,9.6,3.389735
2023-12-15,3.0999997,3.0999997,4.838388,11.7,3.8030365
2023-12-16,4.8999996,4.8999996,6.2265563,14.3,3.5024242
2023-12-17,1.1,1.1,5.742821,13.7,4.5039873
2023-12-18,0.8000001,0.8000001,4.837354,11.4,4.8573346
2023-12-19,0.6,0.6,4.215448,10.4,4.2588444
2023-12-20,0.8,0.8,4.0360875,9.4,4.5545855
2023-12-21,0.5,0.5,5.189412,12.5,4.45374
2023-12-22,0.6,0.6,5.635601,13.7,4.7765884
2023-12-23,1.1,1.1,5.502726,13.0,4.295309
2023-12-24,0.5,0.5,6.3031735,14.8,4.501944
2023-12-25,0.4,0.4,5.3225937,13.0,4.6324873
2023-12-26,3.3,3.3,6.5299315,15.2,3.7315187
2023-12-27,0.0,0.0,6.9526978,16.1,4.8040595
2023-12-28,0.2,0.2,4.2201896,10.9,5.1445246
2023-12-29,1.1,1.1,4.4102154,10.3,4.681971
2023-12-30,1.7000002,1.7000002,5.1429563,13.4,4.355287
2023-12-31,1.3000001,1.3000001,3.6055512,9.6,4.6994724
2024-01-01,0.6,0.6,3.9962482,9.6,4.4788485
2024-01-02,1.2,1.2,3.623534,9.3,4.1039515
2024-01-03,2.3000002,2.3000002,3.2649655,8.8,4.02804
2024-01-04,1.7,1.7,3.6124785,8.2,4.7475348
2024-01-05,8.9,8.9,1.9646883,6.1,2.837125
2024-01-06,2.8999994,2.8999994,3.0083218,8.3,3.7468398
2024-01-07,9.0,9.0,4.172529,10.4,3.8693101
2024-01-08,0.2,0.2,5.0990195,12.6,4.1799846
2024-01-09,0.0,0.0,5.091169,11.8,4.6710835
2024-01-10,5.6,5.6,4.016217,10.6,3.9266715
2024-01-11,7.9,7.9,2.4,8.0,3.2996988
2024-01-12,1.5,1.5,2.3194828,6.9,2.8562849
2024-01-13,6.0,6.0,1.7088008,5.4,1.8928565
2024-01-14,15.399999,15.399999,2.418677,8.9,3.420337
2024-01-15,0.7,0.7,5.1739736,12.0,4.3708563
2024-01-16,0.90000004,0.90000004,3.9623227,9.6,4.4900827
2024-01-17,2.8000002,2.8000002,3.8275318,9.7,4.2112584
2024-01-18,3.3000002,3.3000002,4.341659,10.4,3.3552718
2024-01-19,3.1,3.1,2.8160255,7.5,4.5844584
2024-01-20,32.8,32.8,3.8078866,10.1,3.2960572
2024-01-21,7.2,7.2,5.59017,12.6,3.831999
2024-01-22,0.3,0.3,4.3931766,11.3,4.8189864
2024-01-23,0.0,0.0,4.750789,11.6,4.841408
2024-01-24,0.1,0.1,4.356604,10.4,5.278923
2024-01-25,0.5,0.5,3.0232434,7.9,4.8147655
2024-01-26,0.70000005,0.70000005,3.6619666,9.6,4.60676
2024-01-27,1.1,1.1,4.118252,11.0,4.5551753
2024-01-28,0.2,0.2,4.614109,12.0,4.880862
2024-01-29,0.1,0.1,4.313931,10.2,5.014573
2024-01-30,0.0,0.0,4.7201695,10.9,4.964906
2024-01-31,0.0,0.0,4.604346,10.8,5.1319747
2024-02-01,0.0,0.0,4.614109,11.4,5.1764493
2024-02-02,0.0,0.0,4.2190046,10.4,5.5143256
2024-02-03,0.0,0.0,4.5694637,11.2,5.438527
2024-02-04,1.3,1.3,5.507268,13.1,5.1102386
2024-02-05,0.0,0.0,5.8249464,14.0,5.351297
2024-02-06,0.0,0.0,5.161395,12.4,5.2559376
2024-02-07,1.0,1.0,4.753946,12.4,5.017309
2024-02-08,1.9000001,1.9000001,4.414748,11.1,4.9324417
2024-02-09,0.0,0.0,4.837354,12.1,5.2616
2024-02-10,0.4,0.4,5.6302752,14.2,5.381331
2024-02-11,0.7,0.7,4.8795495,11.8,5.0522814
2024-02-12,0.0,0.0,4.6173587,11.8,5.566152
2024-02-13,0.0,0.0,4.244997,10.0,5.421244
2024-02-14,0.1,0.1,5.4378304,13.3,5.610092
2024-02-15,0.0,0.0,4.6957426,11.9,5.966318
2024-02-16,0.0,0.0,5.4405885,13.6,5.7182927
2024-02-17,0.1,0.1,5.188449,12.9,5.5828595
2024-02-18,0.0,0.0,5.4626,12.9,6.2169833
2024-02-19,0.1,0.1,4.8332186,12.0,5.5458474
2024-02-20,2.9999998,2.9999998,5.6824293,13.5,5.7235594
2024-02-21,0.1,0.1,5.7982755,13.9,5.7705626
2024-02-22,0.0,0.0,6.6850576,16.0,5.6908646
2024-02-23,1.3,1.3,6.0827627,14.6,4.5249076
2024-02-24,6.4999995,6.4999995,4.924429,12.8,3.6049669
2024-02-25,0.2,0.2,4.652956,10.4,4.716471
2024-02-26,1.8000001,1.8000001,4.215448,10.7,4.7542973
2024-02-27,9.900001,9.900001,2.5019991,8.2,4.524302
2024-02-28,2.4999998,2.4999998,2.7658634,7.9,4.2867055
2024-02-29,0.70000005,0.70000005,4.609772,11.7,5.257015
2024-03-01,0.0,0.0,4.472136,11.0,5.64748
2024-03-02,0.0,0.0,5.280152,12.8,5.931591
2024-03-03,0.0,0.0,4.2059484,11.1,5.7486296
2024-03-04,1.0,1.0,4.8270073,10.6,5.251805
2024-03-05,0.4,0.4,5.8309517,13.5,4.965721
2024-03-06,1.2,1.2,4.883646,11.8,4.891111
2024-03-07,0.4,0.4,4.101219,10.7,5.3657136
2024-03-08,0.0,0.0,4.651881,10.0,5.635611
2024-03-09,0.2,0.2,5.3310413,12.3,4.838107
2024-03-10,0.0,0.0,5.6797886,13.9,5.689428
2024-03-11,0.0,0.0,6.3820057,15.4,6.0149565
2024-03-12,0.0,0.0,5.2886667,12.8,6.1565804
2024-03-13,0.0,0.0,5.2201533,12.2,6.0338945
2024-03-14,0.5,0.5,6.280127,15.0,5.078724
2024-03-15,0.1,0.1,6.1326995,14.9,5.2278085
2024-03-16,0.0,0.0,5.3225937,13.4,6.0880394
2024-03-17,0.0,0.0,4.3462625,10.9,6.3672805
2024-03-18,0.2,0.2,4.6238513,11.3,5.7403536
2024-03-19,0.6,0.6,5.056679,12.5,6.0288177
2024-03-20,0.1,0.1,5.2924476,13.4,5.8960276
2024-03-21,0.0,0.0,4.9193497,12.1,5.816067
2024-03-22,0.2,0.2,5.0990195,11.4,5.7075324
2024-03-23,0.9,0.9,4.2059484,9.9,5.3824954
2024-03-24,2.9,2.9,3.9446166,10.2,4.775407
2024-03-25,4.2999997,4.2999997,3.522783,10.0,4.710426
2024-03-26,2.1,2.1,5.059644,11.6,4.6027327
2024-03-27,3.4,3.4,4.753946,11.8,4.194196
2024-03-28,2.9,2.9,4.976947,12.3,4.729703
2024-03-29,0.5,0.5,3.9824615,10.4,4.8788934
2024-03-30,2.6,2.6,5.8189344,13.2,4.0974655
2024-03-31,11.600001,11.600001,5.6797886,12.7,4.1951528
2024-04-01,2.9999998,2.9999998,5.124451,12.3,4.1988397
2024-04-02,0.90000004,0.90000004,4.2190046,10.0,4.3844047
2024-04-03,3.5,3.5,3.6496572,9.7,4.9273896
2024-04-04,3.1999998,3.1999998,4.3289723,10.5,3.7273936
2024-04-05,5.3,5.3,4.1773195,12.1,3.9846482
2024-04-06,12.400002,12.400002,3.7013512,9.5,2.9231887
2024-04-07,1.7000002,1.7000002,4.3863425,10.8,4.738691
2024-04-08,6.8,6.8,2.7313,7.9,4.204241
2024-04-09,2.2,2.2,3.0083218,8.1,3.8964746
2024-04-10,0.0,0.0,4.7759814,12.0,5.1439505
2024-04-11,0.3,0.3,5.124451,12.1,5.066998
2024-04-12,2.0,2.0,4.438468,11.0,4.653545
2024-04-13,3.6,3.6,3.905125,9.3,3.7560656
2024-04-14,6.2000003,6.2000003,3.8327534,9.8,4.1633053
2024-04-15,4.0000005,4.0000005,3.3120992,8.6,4.2167006
2024-04-16,1.2,1.2,2.8653097,8.4,4.6742682
2024-04-17,0.4,0.4,3.7854989,9.8,4.765967
2024-04-18,1.0000001,1.0000001,2.8178005,8.2,4.709567
2024-04-19,3.8999999,3.8999999,3.7013512,8.4,3.6047704
2024-04-20,0.9,0.9,3.956008,9.9,4.401753
2024-04-21,2.4999998,2.4999998,2.641969,6.3,2.3963952
2024-04-22,10.799999,10.799999,3.0610456,9.0,3.918778
2024-04-23,3.6999998,3.6999998,3.3955853,9.6,3.6485229
2024-04-24,11.5,11.5,3.5510561,8.3,3.3543327
2024-04-25,2.8,2.8,3.88973,10.1,4.0631166
2024-04-26,16.500002,16.500002,2.7856774,7.9,2.5298443
2024-04-27,14.600001,14.600001,3.4525354,8.4,3.3015938
2024-04-28,6.4,6.4,2.8301945,7.1,3.339203
2024-04-29,4.2999997,4.2999997,2.3537204,5.9,3.9920666
2024-04-30,2.8,2.8,2.6172504,6.6,4.0965567
2024-05-01,11.6,11.6,3.2557642,8.8,4.0087852
2024-05-02,5.5999994,5.5999994,2.2135942,6.3,2.6743813
2024-05-03,4.1,4.1,3.6619666,9.5,2.9824266
2024-05-04,0.90000004,0.90000004,3.945884,9.4,2.0819378
2024-05-05,9.400001,9.400001,3.224903,7.7,3.466232
2024-05-06,0.70000005,0.70000005,2.408319,6.7,3.0619037
2024-05-07,12.0,12.0,3.324154,8.7,3.0321636
2024-05-08,5.0999994,5.0999994,3.275668,8.8,3.3163157
2024-05-09,2.2,2.2,3.6055512,9.2,3.4518511
2024-05-10,4.3,4.3,3.1780498,8.3,3.9180913
2024-05-11,0.7,0.7,3.4132097,9.2,4.287334
2024-05-12,1.1,1.1,3.5846896,8.7,4.367204
2024-05-13,0.4,0.4,3.667424,8.9,4.5644174
2024-05-14,0.70000005,0.70000005,2.8231187,6.8,4.454584
2024-05-15,1.1,1.1,2.5,7.0,4.2071757
2024-05-16,1.7000002,1.7000002,2.9120438,5.6,3.9091175
2024-05-17,0.70000005,0.70000005,2.9068885,7.6,4.21865
2024-05-18,1.9000002,1.9000002,2.404163,6.1,4.3288
2024-05-19,4.7999997,4.7999997,2.5495098,7.3,4.2376795
2024-05-20,1.1,1.1,3.4539833,8.9,3.9874494
2024-05-21,3.1,3.1,2.6683328,7.5,3.8628879
2024-05-22,0.7,0.7,5.0990195,11.2,4.3172817
2024-05-23,2.8999999,2.8999999,4.2544093,10.3,4.055991
2024-05-24,1.3000001,1.3000001,2.9529645,8.3,3.90832
2024-05-25,2.6,2.6,2.0099752,6.2,3.674998
2024-05-26,0.8,0.8,3.3136082,8.6,4.166931
2024-05-27,0.4,0.4,3.49285,8.8,4.3433695
2024-05-28,0.0,0.0,3.5,8.6,4.080985
2024-05-29,0.1,0.1,2.7892652,7.7,3.9784436
2024-05-30,0.4,0.4,3.354102,8.4,4.2940974
2024-05-31,0.3,0.3,3.7013512,8.5,4.1222777
2024-06-01,0.5,0.5,4.215448,9.2,4.226124
2024-06-02,0.3,0.3,2.376973,5.6,4.10979
2024-06-03,1.4000001,1.4000001,2.5317976,7.4,3.7723548
2024-06-04,13.7,13.7,3.3421547,8.5,3.7813807
2024-06-05,0.2,0.2,3.4,8.6,4.2318063
2024-06-06,0.0,0.0,3.522783,9.4,3.7470307
2024-06-07,2.0000002,2.0000002,2.376973,6.1,4.1578817
2024-06-08,1.4,1.4,2.5,7.8,3.389199
2024-06-09,0.5,0.5,3.448188,8.6,1.9999385
2024-06-10,1.1,1.1,2.302173,6.7,3.564962
2024-06-11,0.3,0.3,3.3376637,9.1,3.5736864
2024-06-12,0.1,0.1,3.306055,9.3,4.00718
2024-06-13,0.0,0.0,3.7121422,9.5,4.383412
2024-06-14,0.1,0.1,3.6055512,8.6,4.285074
2024-06-15,1.2,1.2,3.9293766,8.2,3.9537897
2024-06-16,0.2,0.2,3.1827662,7.7,3.7423172
2024-06-17,0.0,0.0,3.1384711,7.7,4.3665066
2024-06-18,0.0,0.0,3.4176016,9.4,4.354096
2024-06-19,0.7,0.7,3.420526,9.2,3.6402178
2024-06-20,5.1,5.1,4.031129,9.9,2.6908588
2024-06-21,2.5999994,2.5999994,3.940812,10.0,3.0378356
2024-06-22,0.0,0.0,4.8703184,11.4,4.101269
2024-06-23,0.0,0.0,3.6878178,9.7,4.2956305
2024-06-24,0.0,0.0,3.3301651,8.8,3.836682
2024-06-25,0.0,0.0,3.5468295,9.0,4.375083
2024-06-26,0.0,0.0,3.5735137,8.8,3.3943794
2024-06-27,0.9000001,0.9000001,4.2801867,10.6,3.008935
2024-06-28,0.0,0.0,3.5693135,9.1,3.5635881
2024-06-29,0.0,0.0,3.640055,8.6,4.456661
2024-06-30,0.0,0.0,3.4176016,9.3,3.7328775
2024-07-01,0.0,0.0,4.8270073,11.3,4.399903
2024-07-02,0.0,0.0,3.8483763,10.3,4.3652177
2024-07-03,0.90000004,0.90000004,2.9410882,7.4,4.2321615
2024-07-04,0.0,0.0,3.8275316,9.9,3.9731746
2024-07-05,0.0,0.0,4.0521603,10.7,3.7160602
2024-07-06,5.6,5.6,2.8178005,8.5,3.1065946
2024-07-07,18.4,18.4,2.4515302,6.2,2.6316583
2024-07-08,9.400001,9.400001,3.8600519,9.9,3.5333347
2024-07-09,20.0,20.0,2.9154758,7.7,2.8698807
2024-07-10,0.6,0.6,3.3615475,8.8,2.5638773
2024-07-11,0.0,0.0,3.4481878,9.2,4.1379886
2024-07-12,0.0,0.0,3.176476,8.6,3.463276
2024-07-13,0.3,0.3,3.1144822,8.3,2.8981707
2024-07-14,0.1,0.1,3.828838,10.1,3.7410386
2024-07-15,0.0,0.0,3.5128336,9.2,3.7306752
2024-07-16,2.5999997,2.5999997,2.8319604,7.6,2.501778
2024-07-17,1.3000001,1.3000001,2.7730849,7.6,3.2463427
2024-07-18,0.8,0.8,3.6769552,9.4,2.356791
2024-07-19,0.0,0.0,2.9410882,7.8,2.3255277
2024-07-20,0.0,0.0,3.0610456,8.0,2.627947
2024-07-21,0.90000004,0.90000004,3.2449963,7.4,3.935182
2024-07-22,0.0,0.0,3.8600519,8.8,3.7738311
2024-07-23,0.0,0.0,2.745906,8.0,4.289757
2024-07-24,0.0,0.0,2.5942245,7.7,3.6605694
2024-07-25,0.8,0.8,2.9017239,8.2,3.9480479
2024-07-26,2.6999998,2.6999998,2.751363,6.8,3.5271113
2024-07-27,0.90000004,0.90000004,2.8999999,8.2,3.4409053
2024-07-28,1.8000001,1.8000001,3.1320918,7.7,3.997687
2024-07-29,11.400001,11.400001,3.4655447,8.7,3.1399233
2024-07-30,0.1,0.1,2.9068882,7.5,2.8080707
2024-07-31,0.3,0.3,2.9,6.7,2.7612417
2024-08-01,0.0,0.0,3.1320918,8.3,3.5695524
2024-08-02,0.0,0.0,3.7121422,9.4,3.3377538
2024-08-03,0.1,0.1,3.4985712,9.2,3.8955197
2024-08-04,0.4,0.4,3.4014702,8.8,3.8909936
2024-08-05,0.0,0.0,3.981206,8.5,4.9211116
2024-08-06,0.6,0.6,3.676955,7.8,4.1555185
2024-08-07,0.0,0.0,4.535416,10.8,4.4796243
2024-08-08,0.90000004,0.90000004,3.0805843,8.1,2.4500625
2024-08-09,0.8000001,0.8000001,3.2015622,8.1,2.3511288
2024-08-10,0.1,0.1,3.577709,8.4,2.8969278
2024-08-11,0.1,0.1,3.3600597,8.8,2.9868534
2024-08-12,0.8,0.8,2.9120438,8.7,3.2091336
2024-08-13,0.1,0.1,3.1622775,8.3,3.063316
2024-08-14,0.0,0.0,3.5341196,9.7,4.2470145
2024-08-15,1.2,1.2,3.765634,9.3,4.3006387
2024-08-16,1.3000001,1.3000001,4.384062,9.1,3.7288518
2024-08-17,0.0,0.0,4.1629314,10.3,4.968492
2024-08-18,0.1,0.1,3.1241,8.2,2.7383778
2024-08-19,0.0,0.0,3.8327537,9.7,4.8220997
2024-08-20,0.0,0.0,3.3286633,8.8,3.5911317
2024-08-21,0.1,0.1,3.4058774,8.8,3.0592465
2024-08-22,0.1,0.1,3.2572994,8.5,3.1116831
2024-08-23,0.3,0.3,3.0,7.7,2.9874752
2024-08-24,0.3,0.3,2.8231187,7.4,2.6886811
2024-08-25,2.3999999,2.3999999,3.4885528,8.6,2.2333117
2024-08-26,0.0,0.0,3.1016126,8.4,3.3483732
2024-08-27,1.7,1.7,3.710795,9.4,4.1055245
2024-08-28,3.0,3.0,4.00125,10.1,3.7666526
2024-08-29,1.7,1.7,4.5188494,9.5,4.3755937
2024-08-30,0.2,0.2,3.710795,9.8,4.579953
2024-08-31,0.0,0.0,3.939543,10.4,4.403633
2024-09-01,0.1,0.1,3.0528674,8.2,3.2744026
2024-09-02,0.1,0.1,3.0083218,8.5,3.400945
2024-09-03,1.0,1.0,3.7215588,9.2,2.8880796
2024-09-04,2.7,2.7,3.8832977,10.1,3.1894777
2024-09-05,0.2,0.2,3.436568,9.3,3.4841821
2024-09-06,3.7,3.7,4.675468,11.1,3.7419183
2024-09-07,0.0,0.0,3.2572994,9.0,4.4230103
2024-09-08,0.0,0.0,3.905125,9.8,4.9905095
2024-09-09,0.0,0.0,4.3011627,9.5,5.3282127
2024-09-10,0.2,0.2,3.3615475,8.6,5.1801195
2024-09-11,0.0,0.0,3.5846896,8.9,5.655796
2024-09-12,0.0,0.0,4.295346,10.5,5.256382
2024-09-13,0.2,0.2,4.060788,9.5,5.3537745
2024-09-14,0.0,0.0,3.8626416,10.4,5.631469
2024-09-15,0.0,0.0,4.9497476,11.7,5.2616086
2024-09-16,0.3,0.3,3.8327534,9.0,4.9635034
2024-09-17,0.1,0.1,3.436568,9.1,4.6730027
2024-09-18,0.0,0.0,3.0463092,8.3,5.037146
2024-09-19,0.2,0.2,3.7643058,9.0,5.150893
2024-09-20,1.3000001,1.3000001,4.3566046,10.3,4.542547
2024-09-21,1.6,1.6,3.9849718,9.0,4.3244314
2024-09-22,0.2,0.2,4.1629314,8.8,4.8396826
2024-09-23,0.1,0.1,3.8600519,10.0,3.9938543
2024-09-24,0.0,0.0,3.8078866,10.3,4.4994674
2024-09-25,0.0,0.0,3.7980258,10.2,4.191907
2024-09-26,0.3,0.3,3.1004033,7.6,5.165144
2024-09-27,1.7,1.7,3.2729957,8.4,4.813456
2024-09-28,1.2,1.2,3.6891732,9.3,4.4492216
2024-09-29,2.1,2.1,3.407712,9.1,3.9440892
2024-09-30,2.5999997,2.5999997,4.1027427,11.0,3.9614751
2024-10-01,0.0,0.0,4.9502525,12.0,5.305367
2024-10-02,0.5,0.5,5.2153616,12.6,4.7824845
2024-10-03,1.4000001,1.4000001,4.060788,10.6,4.4756474
2024-10-04,0.0,0.0,4.366062,9.8,5.353507
2024-10-05,1.2,1.2,3.7831864,9.5,4.2393866
2024-10-06,1.4000001,1.4000001,3.482097,9.7,4.314904
2024-10-07,1.4000001,1.4000001,3.8395963,9.7,4.4215717
2024-10-08,0.8,0.8,4.4637427,11.3,5.0644374
2024-10-09,0.8,0.8,4.1593266,10.6,5.018108
2024-10-10,0.1,0.1,3.75,10.2,5.0258017
2024-10-11,0.2,0.2,4.0660176,10.5,5.4363737
2024-10-12,1.4000001,1.4000001,4.4525275,11.3,5.082946
2024-10-13,5.4999995,5.4999995,3.9623227,10.0,4.458803
2024-10-14,0.1,0.1,3.2314858,9.0,5.3892713
2024-10-15,0.4,0.4,3.473111,9.2,4.753694
2024-10-16,0.7,0.7,3.8029594,9.4,4.430113
2024-10-17,0.0,0.0,3.9246018,9.8,5.2482305
2024-10-18,5.4999995,5.4999995,3.2653484,10.0,3.9902534
2024-10-19,1.4000001,1.4000001,3.8832974,10.2,2.578633
2024-10-20,2.1999998,2.1999998,4.396021,9.9,3.4159138
2024-10-21,0.4,0.4,3.9714608,10.1,4.73921
2024-10-22,0.8,0.8,3.8078864,10.1,5.088485
2024-10-23,0.9000001,0.9000001,3.403307,8.7,5.0421762
2024-10-24,0.90000004,0.90000004,3.5302267,9.3,4.9624214
2024-10-25,0.1,0.1,3.368234,9.5,4.8822985
2024-10-26,0.0,0.0,4.1584253,9.9,5.5265484
2024-10-27,1.8000001,1.8000001,3.8327537,9.0,5.2347326
2024-10-28,0.1,0.1,3.2607515,9.1,5.27262
2024-10-29,0.0,0.0,3.8268788,10.3,6.034379
2024-10-30,0.0,0.0,4.0807476,10.1,5.820365
2024-10-31,0.1,0.1,3.5014284,9.7,5.8921742
2024-11-01,1.4000001,1.4000001,4.007805,10.6,4.9143324
2024-11-02,0.2,0.2,4.7095647,11.8,5.501922
2024-11-03,0.9000001,0.9000001,4.7278433,10.7,5.5580773
2024-11-04,0.2,0.2,3.427098,9.0,5.4828362
2024-11-05,2.6999998,2.6999998,5.021205,12.1,4.25597
2024-11-06,1.4000001,1.4000001,5.044056,12.7,4.054494
2024-11-07,5.799999,5.799999,5.7142367,13.8,3.1443217
2024-11-08,5.2999997,5.2999997,4.7670746,13.0,3.186366
2024-11-09,0.8000001,0.8000001,4.5235496,11.3,4.560503
2024-11-10,1.9000002,1.9000002,4.6695824,11.5,4.21478
2024-11-11,8.5,8.5,4.5392733,12.7,1.8545576
2024-11-12,0.3,0.3,4.0524683,11.1,4.7791343
2024-11-13,2.7,2.7,3.3376637,8.8,3.8379428
2024-11-14,3.1000004,3.1000004,3.83471,9.7,4.3232355
2024-11-15,6.5,6.5,4.2933087,10.0,2.1421387
2024-11-16,6.8999996,6.8999996,4.002499,8.8,1.5164917
2024-11-17,1.4000001,1.4000001,5.079862,11.1,4.053943
2024-11-18,0.3,0.3,3.5710642,8.9,4.556406
2024-11-19,1.5000001,1.5000001,3.6989863,8.4,3.9636786
2024-11-20,1.2,1.2,4.427471,10.0,3.9773083
2024-11-21,4.2,4.2,4.609772,10.2,2.9811025
2024-11-22,1.5999999,1.5999999,4.318565,11.4,4.1716504
2024-11-23,1.5000001,1.5000001,4.411632,10.2,4.3502846
2024-11-24,7.7,7.7,4.5642633,10.7,3.7554002
2024-11-25,21.5,21.5,3.0372684,7.8,3.126366
2024-11-26,1.8000001,1.8000001,3.6,8.3,4.2628617
2024-11-27,3.7000003,3.7000003,3.961376,8.9,3.806943
2024-11-28,4.0,4.0,4.232316,9.7,4.0427074
2024-11-29,1.3000001,1.3000001,3.511766,9.0,4.5081444
2024-11-30,0.8000001,0.8000001,4.295637,10.6,4.3457947
2024-12-01,11.700001,11.700001,5.202163,11.6,3.1847336
2024-12-02,0.6,0.6,4.7405167,10.9,4.0001287
2024-12-03,2.8000002,2.8000002,5.0423207,11.5,4.239469
2024-12-04,0.2,0.2,4.705582,11.4,5.0779624
2024-12-05,0.1,0.1,4.6647615,11.2,5.0913525
2024-12-06,0.0,0.0,4.9396353,11.8,5.221738
2024-12-07,0.2,0.2,5.423329,12.5,5.954684
2024-12-08,0.0,0.0,5.0855184,11.9,5.6244793
2024-12-09,0.0,0.0,4.590479,11.3,5.01007
2024-12-10,1.7,1.7,5.6508846,12.9,4.9520187
2024-12-11,0.5,0.5,4.810665,11.4,4.824605
2024-12-12,0.4,0.4,4.295637,10.2,4.965821
2024-12-13,0.1,0.1,4.0503087,10.3,5.2681494
2024-12-14,0.6,0.6,3.6311154,8.8,5.2352676
2024-12-15,0.4,0.4,4.88083,10.1,5.0823193
2024-12-16,2.0,2.0,5.8051705,13.4,4.8657074
2024-12-17,1.4000001,1.4000001,6.5855904,14.1,4.7598767
2024-12-18,0.6,0.6,3.9195025,9.4,4.870734
2024-12-19,13.300002,13.300002,3.645888,8.8,3.2008715
2024-12-20,7.6,7.6,4.061096,9.5,3.064771
2024-12-21,2.5,2.5,5.1009803,12.1,3.4912138
2024-12-22,2.6000001,2.6000001,4.443253,9.9,4.0075145
2024-12-23,2.1,2.1,5.0104895,11.5,3.8813052
2024-12-24,4.6,4.6,3.913119,10.0,3.2750921
2024-12-25,3.9999998,3.9999998,4.938117,11.0,3.5712655
2024-12-26,1.8000001,1.8000001,4.632494,10.4,4.110397
2024-12-27,0.0,0.0,4.802083,11.3,4.767454
2024-12-28,0.0,0.0,4.457017,10.8,5.158806
2024-12-29,0.0,0.0,4.5853024,10.8,5.4286804
2024-12-30,0.0,0.0,4.3200116,10.8,5.26306
2024-12-31,0.4,0.4,4.7034564,10.2,4.737211
2025-01-01,0.4,0.4,5.4520636,12.5,4.948096
2025-01-02,0.5,0.5,5.8309517,13.5,4.8798018
2025-01-03,0.0,0.0,5.894489,13.9,5.2056217
2025-01-04,1.3000001,1.3000001,6.053924,14.4,4.7379193
2025-01-05,0.4,0.4,5.841447,13.4,4.835766
2025-01-06,0.0,0.0,5.3677278,12.4,5.525801
2025-01-07,0.0,0.0,4.7668123,11.0,5.81569
2025-01-08,0.2,0.2,4.324639,10.0,5.3214197
2025-01-09,0.4,0.4,4.560702,11.0,4.633276
2025-01-10,0.90000004,0.90000004,5.296461,12.1,4.670364
2025-01-11,0.0,0.0,4.6306043,11.1,5.34383
2025-01-12,0.2,0.2,4.419559,9.8,5.1815825
2025-01-13,0.1,0.1,4.571925,11.1,5.5756516
2025-01-14,0.0,0.0,6.4899926,15.0,6.1125326
2025-01-15,0.0,0.0,7.082549,15.7,4.7072387
2025-01-16,0.0,0.0,5.8500004,13.9,5.7022185
2025-01-17,0.0,0.0,4.8746796,11.9,5.7165933
2025-01-18,0.0,0.0,4.263801,10.1,5.6704316
2025-01-19,0.2,0.2,4.8023434,11.0,5.4969544
2025-01-20,0.0,0.0,4.7759814,10.6,5.967154
2025-01-21,0.1,0.1,3.9147158,10.1,5.6601324
2025-01-22,0.0,0.0,5.4424257,10.9,5.9946156
2025-01-23,0.2,0.2,5.140039,10.6,5.5047293
2025-01-24,0.2,0.2,4.986231,10.5,5.6944766
2025-01-25,0.90000004,0.90000004,3.9604292,9.9,5.261963
2025-01-26,6.9,6.9,3.0504098,7.0,4.220353
2025-01-27,10.400001,10.400001,4.253528,9.7,3.5012128
2025-01-28,11.400001,11.400001,3.2897568,7.8,3.3300765
2025-01-29,14.0,14.0,3.1484125,9.0,4.175132
2025-01-30,21.2,21.2,3.5468295,8.8,2.7230537
2025-01-31,0.1,0.1,4.0853395,10.0,4.853248
2025-02-01,1.7,1.7,4.0459857,9.5,4.5026097
2025-02-02,0.1,0.1,3.4763489,7.7,3.9881892
2025-02-03,0.0,0.0,4.315669,10.6,5.5458927
2025-02-04,0.0,0.0,5.60803,12.9,5.4119887
2025-02-05,0.7,0.7,4.2029753,10.6,5.401957
2025-02-06,0.2,0.2,5.021205,11.8,5.5463614
2025-02-07,0.1,0.1,5.061867,11.9,5.059695
2025-02-08,0.0,0.0,4.7423625,11.1,6.029489
2025-02-09,0.0,0.0,4.604346,11.2,6.101659
2025-02-10,0.0,0.0,6.171102,14.8,6.2843733
2025-02-11,0.1,0.1,6.1987906,14.2,6.0881433
2025-02-12,0.7,0.7,7.322056,16.3,4.8370266
2025-02-13,3.8000002,3.8000002,6.10594,13.9,4.610896
2025-02-14,0.0,0.0,5.676487,13.5,5.8700027
2025-02-15,0.2,0.2,4.8414874,10.5,5.8665633
2025-02-16,0.4,0.4,5.2711477,12.2,5.829308
2025-02-17,0.0,0.0,6.484597,14.3,6.2394156
2025-02-18,0.0,0.0,5.3333855,12.7,6.9625735
2025-02-19,0.0,0.0,4.8872285,10.9,7.005585
2025-02-20,0.0,0.0,4.9117208,10.8,7.097729
2025-02-21,0.0,0.0,6.2597923,14.4,7.4031444
2025-02-22,0.0,0.0,7.779781,17.6,7.1660852
2025-02-23,0.0,0.0,6.302579,14.9,6.886321
2025-02-24,0.0,0.0,6.4899926,15.1,6.763506
2025-02-25,0.0,0.0,6.7396216,15.7,6.7561774
2025-02-26,0.0,0.0,5.6035705,13.6,7.159214
2025-02-27,0.0,0.0,5.3577046,13.2,7.447394
2025-02-28,0.0,0.0,5.7245083,12.3,7.2912974
2025-03-01,0.3,0.3,6.1532516,13.1,6.501309
2025-03-02,0.0,0.0,5.553602,13.5,6.5108323
2025-03-03,0.0,0.0,5.639592,13.1,6.6033263
2025-03-04,0.0,0.0,5.3733134,12.8,6.2963295
2025-03-05,0.0,0.0,5.423099,12.6,6.5292516
2025-03-06,0.0,0.0,4.787745,11.3,6.679438
2025-03-07,0.6,0.6,4.6295247,11.4,6.4951353
2025-03-08,1.1,1.1,4.2979646,9.6,5.41499
2025-03-09,2.0,2.0,3.5171013,9.8,5.0253057
2025-03-10,18.199999,18.199999,2.8935273,7.3,3.3843021
2025-03-11,1.4000001,1.4000001,5.210806,11.6,4.793915
2025-03-12,1.0,1.0,4.8127437,10.9,4.826501
2025-03-13,1.3000001,1.3000001,4.3832064,10.7,4.6559753
2025-03-14,0.0,0.0,4.806766,10.9,6.339112
2025-03-15,0.0,0.0,5.3310413,12.2,6.134614
2025-03-16,0.0,0.0,5.478367,12.8,5.847095
2025-03-17,1.4000001,1.4000001,4.842004,11.5,5.2405977
2025-03-18,4.3,4.3,5.13858,12.0,4.524694
2025-03-19,12.200003,12.200003,5.6632586,12.9,4.055908
2025-03-20,1.9000003,1.9000003,4.0853395,10.3,3.3979285
2025-03-21,1.1000001,1.1000001,4.3931766,10.9,4.468947
2025-03-22,2.0000002,2.0000002,5.2392745,12.4,4.800154
2025-03-23,2.0000002,2.0000002,5.3235326,12.0,4.7952023
2025-03-24,1.6,1.6,5.4233294,12.8,4.9481206
2025-03-25,1.6000001,1.6000001,4.2101073,10.1,4.6814346
2025-03-26,1.4,1.4,5.032395,11.7,4.5972657
2025-03-27,1.2,1.2,4.95101,11.6,4.357178
2025-03-28,3.3000002,3.3000002,4.3002906,10.3,2.8192575
2025-03-29,2.1000001,2.1000001,3.5587919,7.7,4.105924
2025-03-30,1.6,1.6,4.839938,11.1,3.8907402
2025-03-31,12.0,12.0,5.7658477,12.5,3.6608243
2025-04-01,2.1,2.1,3.8600519,9.7,4.5701213
2025-04-02,0.5,0.5,4.022437,9.1,4.8361645
2025-04-03,3.1000001,3.1000001,4.168033,10.0,4.3511357
2025-04-04,3.1999998,3.1999998,3.9373214,9.1,3.4006188
2025-04-05,2.7,2.7,4.2898135,10.2,3.838555
2025-04-06,7.5,7.5,4.1140003,10.9,1.7311248
2025-04-07,3.5,3.5,4.8283024,11.2,4.1055074
2025-04-08,1.2,1.2,3.1084561,7.6,4.6126637
2025-04-09,0.3,0.3,3.8538942,8.8,4.807722
2025-04-10,2.0,2.0,3.1503966,8.8,3.5431554
2025-04-11,0.90000004,0.90000004,4.9497476,10.9,4.6346946
2025-04-12,1.0,1.0,3.8503246,9.4,3.8124635
2025-04-13,3.0999997,3.0999997,4.1303754,9.5,4.186248
2025-04-14,1.6000001,1.6000001,3.9385912,9.1,4.777533
2025-04-15,2.8000002,2.8000002,4.1548166,10.3,4.2477636
2025-04-16,1.4000001,1.4000001,4.1382365,9.3,4.6167707
2025-04-17,0.2,0.2,3.9360514,9.2,4.806567
2025-04-18,1.3000001,1.3000001,4.396021,9.8,4.76939
2025-04-19,7.5,7.5,3.2,9.1,3.7826269
2025-04-20,12.900002,12.900002,4.491102,9.2,3.6197894
2025-04-21,4.3999996,4.3999996,3.8422,8.9,3.7680318
2025-04-22,9.599999,9.599999,3.5003572,8.5,3.6024501
2025-04-23,5.7999997,5.7999997,4.8584976,12.6,2.4520488
2025-04-24,1.4000002,1.4000002,5.453898,12.1,3.2836478
2025-04-25,2.7000003,2.7000003,4.5412,10.5,3.4269834
2025-04-26,0.0,0.0,3.0008333,7.4,4.662032
2025-04-27,0.5,0.5,3.3593152,7.7,4.542723
2025-04-28,0.1,0.1,3.2268407,8.5,4.520943
2025-04-29,1.3000001,1.3000001,3.9503164,9.5,4.4163723
2025-04-30,1.9000002,1.9000002,4.0626345,10.0,4.1303926
2025-05-01,0.3,0.3,3.9204593,8.9,3.8925648
2025-05-02,0.7,0.7,3.9169502,8.7,4.551373
2025-05-03,0.8,0.8,4.351149,10.4,4.8089375
2025-05-04,7.3,7.3,3.6235344,9.0,4.3499985
2025-05-05,10.000001,10.000001,3.525975,8.8,3.5189953
2025-05-06,11.900001,11.900001,5.0936236,11.1,3.671391
2025-05-07,7.7000003,7.7000003,3.7343004,8.7,3.8430464
2025-05-08,2.4,2.4,3.7326264,8.3,3.9809406
2025-05-09,1.9000001,1.9000001,3.4999998,8.5,4.138394
2025-05-10,4.2,4.2,2.902585,7.5,3.865442
2025-05-11,2.1,2.1,2.8257742,7.9,3.682934
2025-05-12,8.7,8.7,3.206244,8.1,4.05477
2025-05-13,19.2,19.2,3.2526913,8.2,3.179408
2025-05-14,2.9999998,2.9999998,4.0626345,9.5,3.6845937
2025-05-15,1.8000002,1.8000002,3.3380384,8.3,3.8221166
2025-05-16,0.6,0.6,3.373796,9.5,3.8297071
2025-05-17,0.6,0.6,3.7529988,8.8,3.7354968
2025-05-18,2.7999997,2.7999997,4.237924,9.7,3.7388988
2025-05-19,2.3000002,2.3000002,3.800329,9.9,3.0921688
2025-05-20,1.9000001,1.9000001,3.7716045,9.0,4.030716
2025-05-21,0.90000004,0.90000004,3.1400635,7.8,3.9502518
2025-05-22,1.2,1.2,4.3416586,9.2,4.1630826
2025-05-23,0.90000004,0.90000004,3.3305407,8.3,3.5993
2025-05-24,0.0,0.0,3.363406,8.3,4.194651
2025-05-25,0.4,0.4,4.274635,9.0,3.2025123
2025-05-26,1.6,1.6,3.945884,9.3,4.0706487
2025-05-27,6.499999,6.499999,4.854122,11.4,3.035482
2025-05-28,0.1,0.1,4.00125,9.5,3.7500978
2025-05-29,0.9000001,0.9000001,4.14367,9.8,3.6852593
2025-05-30,0.0,0.0,4.472136,10.2,4.327461
2025-05-31,0.0,0.0,6.052479,12.8,4.5848284
2025-06-01,1.3000001,1.3000001,3.604511,9.0,3.6935558
2025-06-02,1.3000002,1.3000002,3.6090164,9.1,3.5171485
2025-06-03,0.1,0.1,3.4033072,8.7,4.166489
2025-06-04,0.2,0.2,4.3502874,9.4,4.306995
2025-06-05,2.0,2.0,4.092066,10.1,4.0396876
2025-06-06,6.4999995,6.4999995,3.9274673,8.9,3.2124393
2025-06-07,3.6999998,3.6999998,3.9714608,9.5,3.6293912
2025-06-08,1.9,1.9,3.9217343,9.5,3.6695964
2025-06-09,3.0,3.0,3.913119,10.4,3.3988402
2025-06-10,0.90000004,0.90000004,3.370831,8.7,4.377224
2025-06-11,1.6000001,1.6000001,3.5415392,8.6,3.4652202
2025-06-12,2.3999999,2.3999999,2.9347062,7.6,3.1496098
2025-06-13,0.1,0.1,4.052777,11.8,4.390271
2025-06-14,0.0,0.0,3.6881566,8.9,3.7289264
2025-06-15,0.0,0.0,3.6503422,8.8,3.8010516
2025-06-16,0.0,0.0,3.7513332,9.2,3.568986
2025-06-17,0.4,0.4,2.687936,7.4,3.5794842
2025-06-18,0.5,0.5,3.5106978,8.3,4.11333
2025-06-19,0.2,0.2,3.0991936,7.5,3.717205
2025-06-20,9.9,9.9,2.5869868,7.7,3.0528877
2025-06-21,0.3,0.3,3.3365402,7.0,3.462101
2025-06-22,1.2,1.2,3.5514083,8.3,3.3023543
2025-06-23,0.4,0.4,3.748333,8.3,3.4810286
2025-06-24,0.0,0.0,3.952847,9.3,4.1925306
2025-06-25,0.3,0.3,3.8448017,9.0,3.7146492
2025-06-26,3.2999997,3.2999997,3.4669871,8.5,3.0796678
2025-06-27,0.6,0.6,3.04795,7.0,3.8513477
2025-06-28,0.5,0.5,2.7518177,7.6,3.1571925
2025-06-29,0.0,0.0,3.1851218,7.5,2.3751733
2025-06-30,0.0,0.0,3.2163644,7.6,2.4864354
2025-07-01,0.3,0.3,3.4014704,8.1,3.2323244
2025-07-02,0.0,0.0,4.1027427,9.2,3.5070581
2025-07-03,0.5,0.5,3.3109667,8.4,2.5785918
2025-07-04,0.5,0.5,3.7716045,7.2,3.061558
2025-07-05,1.1,1.1,2.997082,8.2,2.5589955
2025-07-06,1.3000001,1.3000001,3.5794554,7.7,3.1127393
2025-07-07,1.0,1.0,2.3717084,7.1,2.343469
2025-07-08,1.0,1.0,2.5,6.6,2.3888648
2025-07-09,0.1,0.1,3.6034706,8.4,2.2339962
2025-07-10,0.0,0.0,2.7115495,7.3,3.0271068
2025-07-11,1.4000001,1.4000001,2.710166,7.2,2.6636655
2025-07-12,1.2000002,1.2000002,3.6266377,8.9,3.1962142
2025-07-13,1.6999999,1.6999999,3.2442255,8.3,2.8496966
2025-07-14,1.2,1.2,2.740894,7.2,3.4661767
2025-07-15,0.6,0.6,2.7932956,7.4,3.32874
2025-07-16,1.1,1.1,2.9740546,6.8,3.1204562
2025-07-17,0.8,0.8,2.5079873,6.7,3.645679
2025-07-18,0.6,0.6,2.8622544,7.3,3.1231594
2025-07-19,0.1,0.1,3.3049207,8.2,3.7229784
2025-07-20,0.0,0.0,4.159327,8.3,3.1738274
2025-07-21,0.0,0.0,3.4354768,8.3,3.728029
2025-07-22,0.6,0.6,3.6939137,8.6,3.661173
2025-07-23,0.9000001,0.9000001,2.8004463,7.3,2.1822236
2025-07-24,0.0,0.0,4.069705,10.4,4.4181347
2025-07-25,0.2,0.2,3.4014702,8.0,4.4068303
2025-07-26,0.0,0.0,4.078296,9.4,4.584007
2025-07-27,0.0,0.0,3.577709,9.4,4.498606
2025-07-28,0.0,0.0,4.1629314,10.8,4.4760327
2025-07-29,0.1,0.1,4.2793107,10.3,3.4052286
2025-07-30,0.0,0.0,5.549099,13.0,4.470799
2025-07-31,0.3,0.3,3.4885528,8.9,4.51126
2025-08-01,0.4,0.4,2.7225907,7.8,2.9183009
2025-08-02,0.90000004,0.90000004,2.9841247,8.3,3.32558
2025-08-03,0.3,0.3,3.0149627,7.9,2.8635616
2025-08-04,0.0,0.0,5.4965897,10.7,3.7047997
2025-08-05,0.0,0.0,4.5235496,10.6,3.4634528
2025-08-06,0.3,0.3,3.482815,8.3,3.9050841
2025-08-07,0.70000005,0.70000005,3.467708,8.7,4.070789
2025-08-08,10.5,10.5,3.2330325,8.5,2.1979492
2025-08-09,7.8,7.8,3.2931747,7.2,1.4751605
2025-08-10,0.70000005,0.70000005,2.9025853,7.2,3.221755
2025-08-11,0.3,0.3,3.8029594,8.6,2.6636367
2025-08-12,1.0,1.0,3.2695565,7.6,1.9448149
2025-08-13,0.3,0.3,2.751363,7.1,3.5990942
2025-08-14,0.5,0.5,3.0516388,6.3,4.125062
2025-08-15,0.0,0.0,2.3759208,6.7,2.8887398
2025-08-16,4.8999996,4.8999996,2.8504386,6.4,2.98408
2025-08-17,20.4,20.4,2.9706903,7.5,2.6458628
2025-08-18,17.900002,17.900002,3.7165172,8.1,1.8345385
2025-08-19,2.8000002,2.8000002,3.952847,9.1,2.9201458
2025-08-20,0.1,0.1,4.3200116,10.0,3.2861817
2025-08-21,2.0,2.0,3.753665,7.0,2.5941527
2025-08-22,0.3,0.3,3.083018,7.3,2.8274386
2025-08-23,0.2,0.2,3.2003906,8.0,2.0067325
2025-08-24,1.2,1.2,4.2426405,9.7,3.8764277
2025-08-25,1.7,1.7,3.5202982,8.8,3.9940252
2025-08-26,0.5,0.5,3.0335624,7.2,4.28064
2025-08-27,0.4,0.4,3.9915538,8.5,4.3450413
2025-08-28,0.3,0.3,3.8832977,8.0,3.549678
2025-08-29,0.0,0.0,3.6034706,9.4,4.7947726
2025-08-30,0.4,0.4,4.405962,10.1,5.0557294
2025-08-31,0.0,0.0,3.481738,7.4,3.8709128
2025-09-01,0.1,0.1,3.0700164,8.2,4.217561
2025-09-02,0.6,0.6,3.5850384,8.6,4.763094
2025-09-03,0.2,0.2,3.2015622,7.0,3.2819057
2025-09-04,0.7,0.7,3.1216984,8.1,4.6938605
2025-09-05,0.0,0.0,3.3593154,9.0,3.5325296
2025-09-06,0.0,0.0,3.8551915,8.7,4.7526107
2025-09-07,0.0,0.0,4.4944406,9.8,5.1532536
2025-09-08,0.1,0.1,4.160829,10.2,5.1207123
2025-09-09,1.0000001,1.0000001,3.436568,8.6,4.321853
2025-09-10,0.5,0.5,4.2933087,10.0,4.5375714
2025-09-11,0.3,0.3,3.443835,9.1,4.188145
2025-09-12,0.0,0.0,4.110961,10.0,5.005576
2025-09-13,0.1,0.1,4.6295247,9.6,5.2044826
2025-09-14,1.2,1.2,5.2841744,12.3,5.3708634
2025-09-15,0.70000005,0.70000005,3.747666,8.9,5.1157775
2025-09-16,0.5,0.5,4.609772,10.7,5.2068973
2025-09-17,0.5,0.5,4.1584253,9.7,5.444781
2025-09-18,2.8000002,2.8000002,4.35,10.4,4.63097
2025-09-19,2.5,2.5,5.117861,11.3,5.29602
2025-09-20,0.0,0.0,4.539824,10.2,5.5690603
2025-09-21,1.5000001,1.5000001,4.1743264,10.0,4.0318913
2025-09-22,1.1,1.1,4.118252,9.8,4.960563
2025-09-23,2.3999999,2.3999999,5.0,11.5,4.975317
2025-09-24,0.0,0.0,4.384632,9.9,5.6320367
2025-09-25,0.1,0.1,4.5254836,9.1,4.9729886
2025-09-26,4.6000004,4.6000004,3.4014704,11.9,4.41527
2025-09-27,0.6,0.6,3.7831864,9.0,4.9915175
2025-09-28,0.4,0.4,3.8512983,9.2,4.8203235
2025-09-29,3.8,3.8,4.04753,11.0,4.8833594
2025-09-30,0.3,0.3,4.119466,13.4,4.3380957
2025-10-01,0.0,0.0,3.3425288,8.2,5.2556224
2025-10-02,0.0,0.0,3.555981,8.4,5.411978
2025-10-03,0.3,0.3,4.1430664,10.4,3.9381473
2025-10-04,3.5,3.5,4.324639,10.6,2.568964
2025-10-05,0.8,0.8,4.0816665,10.0,4.3873363
2025-10-06,0.5,0.5,5.886,13.0,4.527896
2025-10-07,1.3000002,1.3000002,5.5616994,13.5,3.4013002
2025-10-08,4.9999995,4.9999995,4.682414,10.9,4.5499816
2025-10-09,3.5999997,3.5999997,4.1027427,10.2,4.769624
2025-10-10,2.6999998,2.6999998,4.0261645,10.3,4.9134903
2025-10-11,0.0,0.0,3.914716,9.5,5.462757
2025-10-12,0.1,0.1,4.2994184,8.4,5.3684034
2025-10-13,1.0,1.0,4.136726,9.5,4.718813
2025-10-14,0.4,0.4,4.229953,9.5,4.996293
2025-10-15,0.1,0.1,4.7077065,10.8,4.916855
2025-10-16,1.5000001,1.5000001,3.753665,9.3,4.3942823
2025-10-17,2.4,2.4,3.5057096,9.8,4.0490723
2025-10-18,2.5,2.5,3.5902646,9.1,4.3857026
2025-10-19,0.5,0.5,3.451449,8.6,4.0905824
2025-10-20,0.0,0.0,3.9246018,9.3,5.624529
2025-10-21,0.2,0.2,4.238514,8.6,4.898784
2025-10-22,0.4,0.4,4.0700126,8.8,2.9436467
2025-10-23,0.8,0.8,3.592005,10.9,4.297492
2025-10-24,2.7,2.7,4.944947,11.9,3.4770775
2025-10-25,0.6,0.6,3.8242645,9.8,3.8543875
2025-10-26,1.0,1.0,2.657066,7.8,4.371023
2025-10-27,1.7,1.7,4.5221677,10.3,4.3450146
2025-10-28,10.400001,10.400001,3.7606516,9.1,3.5534556
2025-10-29,11.900001,11.900001,4.527693,9.9,2.9129965
2025-10-30,4.9,4.9,4.273757,9.6,3.431087
2025-10-31,7.3999996,7.3999996,2.9261749,7.8,3.8177433
2025-11-01,4.0,4.0,3.7513332,9.1,2.26251
2025-11-02,5.2,5.2,3.6417713,8.9,3.5272462
2025-11-03,2.8000002,2.8000002,4.6695824,9.9,4.3290358
2025-11-04,1.7000002,1.7000002,4.85,10.6,4.517481
2025-11-05,0.0,0.0,3.7831864,9.7,4.913478
2025-11-06,1.1,1.1,4.119466,9.8,4.538707
2025-11-07,2.1000001,2.1000001,5.1923018,11.4,4.6652236
2025-11-08,2.7,2.7,4.909175,11.0,4.4920225
2025-11-09,3.3,3.3,3.6503425,8.6,1.8391069
2025-11-10,0.70000005,0.70000005,4.3832064,10.8,4.4152703
2025-11-11,0.70000005,0.70000005,4.9193497,12.0,4.668895
2025-11-12,2.9,2.9,4.973178,12.2,4.328865
2025-11-13,4.8999996,4.8999996,5.3446236,12.7,4.0030828
2025-11-14,1.8000001,1.8000001,5.353737,11.7,4.1023993
2025-11-15,0.90000004,0.90000004,5.1587305,11.3,4.8442435
2025-11-16,1.6,1.6,4.973178,11.8,4.637417
2025-11-17,1.1,1.1,5.0537114,12.1,4.506923
2025-11-18,1.9000002,1.9000002,5.724727,13.9,4.48289
2025-11-19,0.5,0.5,5.8053856,13.6,4.5809417
2025-11-20,0.3,0.3,5.8798385,13.9,5.1050944
2025-11-21,0.4,0.4,6.8410525,15.7,5.701117
2025-11-22,0.1,0.1,5.8309517,13.6,4.9639263
2025-11-23,4.2999997,4.2999997,5.481788,12.7,3.8701308
2025-11-24,1.0,1.0,4.9648767,11.6,4.649755
2025-11-25,4.3999996,4.3999996,5.676487,12.8,4.4266124
2025-11-26,9.499999,9.499999,5.7554317,12.8,3.923743
2025-11-27,5.2999997,5.2999997,6.2116823,13.1,4.0741014
2025-11-28,1.4000001,1.4000001,5.077401,12.0,4.4366884
2025-11-29,0.70000005,0.70000005,5.479507,11.8,4.4602823
2025-11-30,0.2,0.2,5.5946403,13.2,5.0718
2025-12-01,0.0,0.0,5.1451435,12.4,5.49515
2025-12-02,0.0,0.0,4.9236674,11.9,5.7050405
2025-12-03,0.5,0.5,5.5616994,12.9,4.9864554
2025-12-04,1.2000002,1.2000002,5.589499,13.2,4.6880364
2025-12-05,1.3000002,1.3000002,5.6800084,13.2,4.846524
2025-12-06,1.3000001,1.3000001,5.5915112,12.7,4.500063
2025-12-07,1.1,1.1,5.920304,14.0,4.5499783
2025-12-08,1.9000003,1.9000003,5.8180757,13.2,4.3648896
2025-12-09,0.1,0.1,4.810665,11.6,4.799011
2025-12-10,0.0,0.0,5.020458,11.4,4.925471
2025-12-11,0.8,0.8,5.165753,11.9,4.6922154
2025-12-12,0.5,0.5,5.0936236,11.6,4.512222
2025-12-13,2.2,2.2,4.8869724,11.4,4.4455013
2025-12-14,4.799999,4.799999,4.6957426,11.1,3.357552
2025-12-15,1.3000001,1.3000001,5.203124,11.8,4.434773
2025-12-16,2.1,2.1,5.3758717,11.7,4.7093987
2025-12-17,1.2,1.2,5.4353013,11.7,4.8820415
2025-12-18,1.9000001,1.9000001,5.6147127,12.6,4.8605695
2025-12-19,4.4999995,4.4999995,5.456189,12.0,3.6045234
2025-12-20,2.7000003,2.7000003,4.881854,10.8,4.5045705
2025-12-21,3.9999998,3.9999998,5.531953,12.3,2.9556932
2025-12-22,1.8000001,1.8000001,5.353737,12.6,4.3899293
2025-12-23,0.3,0.3,5.7967663,13.5,4.808427
2025-12-24,1.3,1.3,5.4965897,13.2,4.5116286
2025-12-25,0.3,0.3,4.4195585,10.5,5.0264745
2025-12-26,0.1,0.1,4.032679,9.8,5.339551
2025-12-27,11.700001,11.700001,4.3488503,9.7,4.060157
2025-12-28,18.199999,18.199999,3.6100552,7.5,2.2401807
2025-12-29,2.2,2.2,4.3,10.3,3.9761913
2025-12-30,3.5,3.5,2.996665,7.5,3.8552713
2025-12-31,0.2,0.2,5.05099,11.1,4.650574
2026-01-01,1.4000002,1.4000002,5.0289164,11.5,4.401225
2026-01-02,0.0,0.0,4.092066,10.1,4.8975763
2026-01-03,0.0,0.0,3.75,9.5,5.4531736
2026-01-04,0.2,0.2,4.4127655,10.7,5.126118
2026-01-05,0.1,0.1,4.425494,10.7,5.296842
2026-01-06,0.0,0.0,4.527693,11.2,5.766342
2026-01-07,0.0,0.0,4.7087684,11.2,5.785488
2026-01-08,0.0,0.0,6.1206617,13.6,5.273283
2026-01-09,0.0,0.0,5.1790442,12.2,5.4932294
2026-01-10,1.1,1.1,4.632494,11.0,5.1473002
2026-01-11,0.2,0.2,5.012235,10.6,5.3305655
2026-01-12,4.0,4.0,4.92062,11.9,4.3836894
2026-01-13,0.0,0.0,5.634936,13.1,5.075734
2026-01-14,0.0,0.0,5.0916595,11.4,5.94067
2026-01-15,0.0,0.0,4.602445,11.1,6.2281704
2026-01-16,0.0,0.0,5.1090603,11.2,6.270922
2026-01-17,0.90000004,0.90000004,4.7289004,11.5,5.217866
2026-01-18,1.1,1.1,5.5029535,14.9,5.1921763
2026-01-19,0.4,0.4,5.769748,12.7,5.001478
2026-01-20,0.0,0.0,5.7194843,12.9,5.7520485
2026-01-21,0.0,0.0,6.1012287,13.6,6.2860703
2026-01-22,0.2,0.2,6.173532,14.1,5.362325
2026-01-23,0.0,0.0,5.531727,13.2,6.2359476
2026-01-24,0.0,0.0,5.4341516,11.9,6.2671714
2026-01-25,0.0,0.0,4.964876,11.3,5.964396
2026-01-26,0.0,0.0,4.583939,10.5,6.142275
2026-01-27,0.0,0.0,5.4947705,12.0,5.7745457
2026-01-28,0.0,0.0,4.636,10.7,5.4775085
2026-01-29,0.0,0.0,5.7560835,12.9,6.482914
2026-01-30,0.0,0.0,6.4399147,14.7,6.586023
2026-01-31,0.0,0.0,6.024326,12.9,6.3318844
2026-02-01,0.0,0.0,5.8523498,13.2,6.232157
2026-02-02,0.0,0.0,5.8523498,13.5,6.3088565
2026-02-03,0.0,0.0,5.60803,13.4,6.343692
2026-02-04,0.0,0.0,5.676487,12.9,6.374347
2026-02-05,0.0,0.0,4.876474,11.6,6.0538883
2026-02-06,0.6,0.6,4.411632,10.6,5.5819554
2026-02-07,0.0,0.0,4.25,10.1,5.303368
2026-02-08,1.0,1.0,5.2423754,11.8,5.283983
2026-02-09,0.2,0.2,6.3312716,14.4,5.4866877
2026-02-10,0.0,0.0,5.3471956,13.0,6.1744704
2026-02-11,0.0,0.0,4.9844756,11.8,6.0301037
2026-02-12,0.0,0.0,5.269013,11.3,6.375401
2026-02-13,0.0,0.0,5.412947,12.3,6.4365473
2026-02-14,0.70000005,0.70000005,5.60803,12.1,5.8007193
2026-02-15,1.8000001,1.8000001,4.4300113,9.7,5.1737337
2026-02-16,0.2,0.2,3.6496572,9.7,5.232174
2026-02-17,8.5,8.5,3.8078866,9.4,4.300304
2026-02-18,1.1,1.1,5.771698,12.2,4.45463
2026-02-19,0.1,0.1,4.516913,9.6,5.14829
2026-02-20,0.3,0.3,3.677295,9.3,5.355698
2026-02-21,2.0,2.0,3.6031234,9.3,3.297096
2026-02-22,17.4,17.4,3.6200829,9.6,3.1035023
2026-02-23,9.999998,9.999998,4.527693,8.6,1.8661115
2026-02-24,4.6,4.6,3.324154,8.6,3.35135
2026-02-25,19.7,19.7,3.3800888,8.4,3.621953
2026-02-26,12.299999,12.299999,3.4820971,9.2,4.2724643
2026-02-27,8.800002,8.800002,4.8582406,10.4,4.431438
2026-02-28,3.6,3.6,3.394849,9.0,3.783983
2026-03-01,9.9000025,9.9000025,4.080441,9.4,3.5157526
2026-03-02,5.5,5.5,3.8118236,8.6,3.7445133
2026-03-03,2.5000002,2.5000002,3.846102,9.6,3.974775
2026-03-04,6.5999985,6.5999985,3.2442255,7.9,3.5123494
2026-03-05,12.5,12.5,4.434242,8.7,3.5858915
2026-03-06,25.799997,25.799997,3.1384711,8.0,3.4931152
2026-03-07,16.5,16.5,3.427098,8.0,3.4651177
2026-03-08,2.5,2.5,4.5235496,9.3,4.7788906
2026-03-09,2.2000003,2.2000003,4.990491,12.0,4.3588653
2026-03-10,2.6999998,2.6999998,4.4777226,10.2,3.6229422
2026-03-11,0.8,0.8,3.5003572,8.2,4.714074
2026-03-12,0.2,0.2,3.5672119,8.3,4.6891513
2026-03-13,1.8,1.8,4.095424,9.0,5.0951095
2026-03-14,2.2,2.2,4.405111,10.1,4.238704
2026-03-15,0.70000005,0.70000005,5.3893414,12.5,4.96705
2026-03-16,0.0,0.0,4.88467,10.9,5.0136204
2026-03-17,1.4000001,1.4000001,3.1642535,8.1,4.43933
2026-03-18,2.8,2.8,4.0512342,10.2,4.3837256
2026-03-19,1.5000001,1.5000001,3.83471,9.5,4.541827
2026-03-20,22.1,22.1,3.4885528,9.2,3.6947272
2026-03-21,24.0,24.0,2.5124688,7.1,3.6754992
2026-03-22,4.7,4.7,3.4532592,8.7,3.766359
2026-03-23,6.2999997,6.2999997,4.583939,11.4,3.0415075
2026-03-24,11.400001,11.400001,5.4600825,12.7,3.6814167
2026-03-25,3.5999997,3.5999997,4.25,10.0,4.259814
2026-03-26,1.7,1.7,4.1140003,9.9,4.353189
2026-03-27,9.899999,9.899999,5.33526,11.8,3.512999
2026-03-28,3.6999993,3.6999993,3.733631,9.2,4.5046387
2026-03-29,0.6,0.6,3.7831864,9.3,4.661073
2026-03-30,1.1,1.1,4.452527,10.5,4.4457736
2026-03-31,2.4999998,2.4999998,4.6695824,11.2,4.1197433
2026-04-01,1.3,1.3,4.2573466,10.1,4.4947615
2026-04-02,1.1,1.1,4.3011627,10.0,4.4524264
2026-04-03,1.2,1.2,4.092982,9.7,4.6210694
2026-04-04,1.1000001,1.1000001,3.757659,8.5,4.691022
2026-04-05,1.8000001,1.8000001,4.2816467,9.4,4.1682906
2026-04-06,0.70000005,0.70000005,3.9195027,8.9,4.6302323
2026-04-07,2.7999995,2.7999995,4.237924,10.4,4.2706294
2026-04-08,3.0,3.0,4.292144,11.0,4.484183
2026-04-09,0.9000001,0.9000001,4.8994894,11.5,4.597556
2026-04-10,3.6999998,3.6999998,4.5961943,11.3,4.544418
2026-04-11,0.6,0.6,4.25,10.4,4.7006702
2026-04-12,3.1000001,3.1000001,4.94899,11.3,4.284464
2026-04-13,5.699999,5.699999,5.4316206,12.7,4.2148037
2026-04-14,10.5,10.5,5.9609146,13.2,3.5280225
2026-04-15,6.5,6.5,5.1870027,12.0,3.38583
2026-04-16,6.0,6.0,4.3908997,10.8,3.865212
2026-04-17,9.6,9.6,4.6295247,9.7,2.970313
2026-04-18,13.500002,13.500002,4.09939,10.1,3.247702
2026-04-19,6.1000004,6.1000004,5.3851647,12.8,3.3388343
2026-04-20,3.4999998,3.4999998,5.3446236,12.1,4.040348
2026-04-21,3.5000002,3.5000002,4.317406,10.3,3.700909
2026-04-22,2.1000001,2.1000001,4.171631,10.5,3.798315
2026-04-23,6.3999996,6.3999996,3.800329,8.5,2.8537846
2026-04-24,0.1,0.1,2.8887713,7.8,3.7509387
2026-04-25,1.2,1.2,3.826552,7.9,3.6868234
2026-04-26,4.7999997,4.7999997,3.363406,8.3,3.9563804
2026-04-27,16.500002,16.500002,3.268792,9.1,3.3094928
2026-04-28,44.1,44.1,3.0417922,7.8,2.5310512
2026-04-29,5.7000003,5.7000003,1.7414075,4.6,1.8969336
2026-04-30,8.4,8.4,4.2898135,8.9,2.9715292
